SMILES,p_np
Cc1coc2c1C(=O)C(=O)c1c-2ccc2c(C)cccc12,0
CC(C)C(=O)Oc1ccc(CO)cc1[C@H](CCN(C(C)C)C(C)C)c1ccccc1,0
CC(C)(C)NCC(O)c1ccc(O)c(CO)n1,0
C[C@@]12C[C@@]3(O)O[C@@H](O1)[C@]1(COC(=O)c4ccccc4)[C@H]3C[C@@]12O[C@@H]1O[C@H](CO)[C@@H](O)[C@H](O)[C@H]1O,0
CC(C)OC(=O)[C@H](C)N[P@](=O)(CO[C@H](C)Cn1cnc2c(N)ncnc21)Oc1ccccc1,0
O=C(C1CCCCC1)N1CC(=O)N2CCc3ccccc3C2C1,0
Clc1ccc(CSC(Cn2ccnc2)c2ccc(Cl)cc2Cl)cc1,0
CCCCNC(=O)NS(=O)(=O)c1ccc(C)cc1,0
C1COC(NC(C2CC2)C2CC2)=N1,0
CCOC(=O)[C@H](CS)NCCN[C@@H](CS)C(=O)OCC,0
CNC(=S)NCO,0
NCCc1ccn[nH]1,0
Cc1cccc(CN2CCN(C(c3ccccc3)c3ccc(Cl)cc3)CC2)c1,0
Cn1c(=O)c2[nH]c(Cl)nc2n(C)c1=O,0
Clc1ccc2c(c1)CCc1cccnc1C2=C1CCNCC1,0
COc1ccc(C(C)=O)c(O)c1,0
CC(C)N=C(N)N=C(N)Nc1ccc(Cl)cc1,0
C[C@H](Cc1cc2c(c(C(N)=O)c1)N(CCCO)CC2)NCCOc1ccccc1OCC(F)(F)F,0
O=C(O)CNC(=O)CNC(=O)CNC(=O)CSC(=O)c1ccccc1,0
CCCCC(=O)O[C@]1(C(=O)CO)CCC2C3CCC4=CC(=O)CCC4(C)C3C(O)CC21C,0
CC(=O)Nc1c(I)c(C(=O)O)c(I)c(N(C)C(C)=O)c1I,0
C#CC1(O)CCC2C3CCC4=CC(=O)CCC4C3CCC21CC,0
CCOCCP(CCOCC)CCP(CCOCC)CCOCC,0
C[C@]12CC[C@H]3[C@@H](CCC4=CC(=O)CC[C@@H]43)[C@@H]1CC[C@@H]2O,0
CO[C@H]1O[C@@H]2O[C@@]3(C)CC[C@H]4[C@H](C)CC[C@@H]([C@H]1C)[C@@]24OO3,0
Cn1c(CNc2ccc(C(=N)N)cc2)nc2cc(C(=O)N(CCC(=O)O)c3ccccn3)ccc21,0
O=C/C=C/c1ccccc1,0
CC(C)N1CCN(c2ccc(OCC3COC(Cn4cncn4)(c4ccc(Cl)cc4Cl)O3)cc2)CC1,0
CC(C)c1ccc2oc3nc(N)c(C(=O)O)cc3c(=O)c2c1,0
CC(c1cc2ccccc2s1)N(O)C(N)=O,0
COc1ccc(C(=O)c2ccccc2O)c(O)c1,0
C=C[C@@H]1C[C@]1(NC(=O)[C@@H]1C[C@@H]2CN1C(=O)[C@H](C(C)(C)C)NC(=O)O[C@@H]1C[C@H]1CCCCCc1nc3ccc(OC)cc3nc1O2)C(=O)NS(=O)(=O)C1CC1,0
COC(=O)N1CCC(CN2CCC(CNC(=O)c3cccc4[nH]c(C(C)C)nc34)CC2)CC1,0
CCCC(=O)Nc1c(I)cc(I)c(CC(CC)C(=O)O)c1I,0
CC(CO)[C@@]1(O)C[C@@]2(O)[C@@]3(C)C[C@]4(O)O[C@@]5([C@H](O)[C@@H](C)CC[C@]35O)[C@@]2(O)[C@@]41C,0
Cc1ccc(NC(=O)C2(c3ccc4c(c3)OC(F)(F)O4)CC2)nc1-c1cccc(C(=O)O)c1,0
CCCCCCCCCCCCCCCCCC(=O)O,0
CCC(=O)NC[C@@H]1C[C@@H]1c1cccc2c1CCO2,0
CN(C)CCC(c1ccc(Br)cc1)c1ccccn1,0
Cc1c(C)c2c(c(C)c1OC(=O)CCC(=O)OCCO)CCC(C)(CCCC(C)CCCC(C)CCCC(C)C)O2,0
Oc1ccc(CCCCNC[C@H](O)c2ccc(O)c(O)c2)cc1,0
C[C@@H]1C[C@H]2C3CCC4=CC(=O)C=C[C@]4(C)[C@@]3(Cl)[C@@H](O)C[C@]2(C)[C@@]1(O)C(=O)CCl,0
O=C(CCCN1CC=C(n2c(=O)[nH]c3ccccc32)CC1)c1ccc(F)cc1,0
COCCOCCCCCC(=O)NCCCC[C@H](N)C(=O)O,0
O=C(O)CCCCCCCC(=O)O,0
CCCCC(=O)OCC(=O)[C@]1(O)Cc2c(O)c3c(c(O)c2[C@@H](O[C@H]2C[C@H](NC(=O)C(F)(F)F)[C@H](O)[C@H](C)O2)C1)C(=O)c1c(OC)cccc1C3=O,0
Cc1c(C)c2c(c(C)c1O)CC[C@@](C)(CCC[C@H](C)CCC[C@H](C)CCCC(C)C)O2,0
O=c1[nH]c(=O)n([C@H]2C[C@H](O)[C@@H](CO)O2)cc1C(F)(F)F,0
CCC(=O)O,0
CSCC[C@@H](N)C(=O)O,0
CCCCC(C)(C)C(O)C=CC1C(O)CC(=O)C1CCCCC=CC(=O)OC,0
Nc1nc(=S)c2[nH]cnc2[nH]1,0
NC(=O)N[C@@H](CCC(=O)O)C(=O)O,0
CCCCC(CC)COc1ccc(-c2nc(-c3ccc(OC)cc3)nc(-c3ccc(OCC(CC)CCCC)cc3O)n2)c(O)c1,0
CN(C)CCOC(c1ccccc1)c1ccc(Br)cc1,0
CC(=O)CCCCn1c(=O)c2c(ncn2C)n(C)c1=O,0
N[C@@H]1CONC1=O,0
CC(O)C(=O)O,0
O=Cc1ccc(O)c(O)c1,0
CCCCCCOC(=O)CCC(=O)CN,0
CC(C)(C)NC(=O)[C@H]1CC[C@H]2[C@@H]3CC[C@H]4NC(=O)C=C[C@]4(C)[C@H]3CC[C@]12C,0
CN(CCOc1ccc(NS(C)(=O)=O)cc1)CCc1ccc(NS(C)(=O)=O)cc1,0
Clc1ccc(CON=C(Cn2ccnc2)c2ccc(Cl)cc2Cl)c(Cl)c1,0
CS(=O)(=O)c1cc(C(F)(F)F)ccc1C(=O)c1cnoc1C1CC1,0
CC1CC2C(C(O)CC3(C)C2CCC3(O)C(=O)CO)C2(C)C=CC(=O)C=C12,0
Oc1c(I)cc(I)c2cccnc12,0
COc1c(C)c2c(c(O)c1C/C=C(\C)CCC(=O)O)C(=O)OC2,0
N[C@@H](Cc1cc(I)c(Oc2cc(I)c(O)c(I)c2)c(I)c1)C(=O)O,0
CCc1ccc(CCOc2ccc(CC3SC(=O)NC3=O)cc2)nc1,0
CCCCCCC(=O)O[C@H]1CC[C@H]2[C@@H]3CCC4=CC(=O)CC[C@]4(C)[C@H]3CC[C@]12C,0
COCCOc1cnc(NS(=O)(=O)c2ccccc2)nc1,0
C=CCN1CCC23c4c5ccc(O)c4OC2C(=O)CCC3(O)C1C5,0
C[C@H](O)[C@H](O)[C@H]1CNc2nc(N)nc(N)c2N1,0
CC(C)(CO)c1cc2cc(NC(=O)C3(c4ccc5c(c4)OC(F)(F)O5)CC3)c(F)cc2n1C[C@@H](O)CO,0
OC[C@@H](O)[C@@H](O)[C@H](O)[C@@H](O)CO,0
C=C1CCN([C@H](C)[C@](O)(Cn2cncn2)c2ccc(F)cc2F)CC1,0
C=C1CCCC(C)(C)C12CC=C(CO)CC2,0
O=P(O)(O)C(O)P(=O)(O)O,0
O=P(O)(O)C(NC1CCCCCC1)P(=O)(O)O,0
CCCN(CC)C(CC)C(=O)Nc1c(C)cccc1C,0
CCOC(=O)c1cncn1[C@H](C)c1ccccc1,0
NS(=O)(=O)c1cc2c(cc1C(F)(F)F)NC(Cc1ccccc1)NS2(=O)=O,0
C=C1C(=CC=C2CCCC3(C)C2CCC3C(C)C=CC(O)C2CC2)CC(O)CC1O,0
CO/N=C1/C[C@]2(C[C@@H]3C[C@@H](C/C=C(\C)C[C@@H](C)/C=C/C=C4\CO[C@@H]5[C@H](O)C(C)=C[C@@H](C(=O)O3)[C@]45O)O2)O[C@H](/C(C)=C/C(C)C)[C@H]1C,0
O=S(O)(O)=S,0
CN(CCOc1ccc(CC2SC(=O)NC2=O)cc1)c1ccccn1,0
CCOC(=O)[C@H](C)C[C@@H](Cc1ccc(-c2ccccc2)cc1)NC(=O)CCC(=O)O,0
CC(C)(C)NCC(O)COc1cccc2c1CCC(=O)N2,0
Cc1cccc(N(C)C(=S)Oc2ccc3ccccc3c2)c1,0
C[C@H]1C[C@H]2[C@@H]3CCC4=CC(=O)C=C[C@]4(C)[C@@]3(F)C(=O)C[C@]2(C)[C@@]1(O)C(=O)CCl,0
COC(=O)c1cccnc1,0
Clc1ccc(COC(Cn2ccnc2)c2ccc(Cl)cc2Cl)cc1,0
C[C@H](CCC(=O)O)[C@H]1CC[C@H]2[C@@H]3CC[C@@H]4C[C@H](O)CC[C@]4(C)[C@H]3C[C@H](O)[C@]12C,0
O=C(O)CN(CCN(CC(=O)O)CC(=O)O)CCN(CC(=O)O)CC(=O)O,0
CC1(C)OC2CC3C4CCC5=CC(=O)CCC5(C)C4(F)C(O)CC3(C)C2(C(=O)CCl)O1,0
CCCCC/C=C\C/C=C\C/C=C\CCCCC(=O)O,0
C=Cc1c(C)c2cc3nc(cc4[nH]c(cc5nc(cc1[nH]2)C(C)=C5CCC(=O)O)c(CCC(=O)OC)c4C)[C@@]1(C)C3=CC=C(C(=O)OC)[C@H]1C(=O)OC,0
CN1CCC2=C(C1)C(c1ccccc1)c1ccccc12,0
COC(=O)/C=C/c1ccc(O)c(OC)c1,0
C#C[C@]1(O)CC[C@H]2[C@@H]3CCC4=CC(=NO)CC[C@@H]4[C@H]3CC[C@@]21CC,0
CN1CC[C@]23CCCC[C@H]2[C@H]1Cc1ccc(O)cc13,0
CC1CC(OC(=O)C(O)c2ccccc2)CC(C)(C)C1,0
NCCNCCNCCNCCN,0
CN1CCCC1CCOC(C)(c1ccccc1)c1ccc(Cl)cc1,0
CC(O)CO,0
NS(=O)(=O)c1cc2c(cc1Cl)NC(C(Cl)Cl)NS2(=O)=O,0
C[C@@H]1CC2C3C[C@H](F)C4=CC(=O)C=CC4(C)[C@@]3(Cl)C(O)CC2(C)C1C(=O)CO,0
CC(C)NCC(O)c1cc(O)cc(O)c1,0
Cc1cccc2c3c(ccc12)C1=C(C(=O)C3=O)C(C)CO1,0
CCCCCC(O)C=CC1C(O)CC(=O)C1CC=CCCCC(=O)O,0
C=CCNCCCCCCCCCC,0
CS(=O)(=O)c1cccc(C[C@H](NC(=O)c2c(Cl)cc3c(c2Cl)CCN(C(=O)c2ccc4ccoc4c2)C3)C(=O)O)c1,0
N[C@@H]1CCCCN(c2c(F)cc3c(=O)c(C(=O)O)cn(C4CC4)c3c2Cl)C1,0
c1cc2c(c(NC3=NCCN3)c1)CCCC2,0
CC1(C)OC2CC3C4CC(F)C5=CC(=O)C=CC5(C)C4C(O)CC3(C)C2(C(=O)CO)O1,0
CC1CC(=O)NN=C1c1ccc(NN=C(C#N)C#N)cc1,0
NC(N)=NCc1cccc(I)c1,0
CN1CCCC(n2nc(Cc3ccc(Cl)cc3)c3ccccc3c2=O)CC1,0
Cc1cc(CCN2CCN(c3cccc(Cl)c3)CC2)n[nH]1,0
CS(=O)(=O)OC[C@@H](O)[C@@H](O)[C@H](O)[C@H](O)COS(C)(=O)=O,0
Cc1cc(C)c(NC(=O)CN(CC(=O)O)CC(=O)O)c(C)c1Br,0
CC(C)NCC(O)COc1ccc(COCCOC(C)C)cc1,0
N[C@@H](Cc1ccccc1)C(=O)O,0
S=c1nc[nH]c2nc[nH]c12,0
OCc1ccc(Cl)cc1Cl,0
CCN(CC)CCNC(=O)c1cc(Cl)c(N)cc1OC,0
CN1CCC(=C2c3ccccc3CCc3sccc32)CC1,0
CCCCC(CC)COC(=O)/C=C/c1ccc(OC)cc1,0
COc1nc(C)nc(Cl)c1NC1=NCCN1,0
C[C@H]1C[C@H]2[C@@H]3C[C@H](F)C4=CC(=O)C=C[C@]4(C)[C@@]3(F)[C@@H](O)C[C@]2(C)[C@@]1(O)C(=O)CO,0
O=c1[nH]c2cc(Cl)ccc2o1,0
N[C@@H](Cn1ccc(=O)c(O)c1)C(=O)O,0
OC[C@H]1O[C@@H](O[C@H]2[C@H](O)[C@@H](O)C(O)O[C@@H]2CO)[C@H](O)[C@@H](O)[C@H]1O,0
C[C@]12CCC(=O)C=C1CC[C@@H]1[C@@H]2CC[C@@]2(C)[C@H]1CC[C@]2(C)O,0
CC(C)(C)c1ccc(C(=O)CCCN2CCC(OC(c3ccccc3)c3ccccc3)CC2)cc1,0
CCCCCCCCCCCC(=O)O,0
Cc1cccc(C)c1OCC(C)N,0
CCC(=O)[C@@]1(C)[C@H](C)C[C@H]2[C@@H]3CCC4=CC(=O)C=C[C@]4(C)[C@H]3[C@@H](O)C[C@@]21C,0
C(=C/c1cccs1)\c1ccn[nH]1,0
C=C(CCC=C(C)C)[C@@H]1CC=C(C)CC1,0
CC(=O)C1CCC2C3CC(C)C4=CC(=O)CCC4(C)C3C(O)CC12C,0
COC(=O)N(C)c1c(N)nc(-c2nn(Cc3ccccc3F)c3ncccc23)nc1N,0
Oc1cccc(O)c1,0
Cc1ncc2n1-c1ccc(Cl)cc1C(c1ccccc1F)=NC2,0
Nc1ccc(S(=O)(=O)Nc2ccnn2-c2ccccc2)cc1,0
COCCc1ccc(OCC(O)CNC(C)C)cc1,0
NC(=O)N1c2ccccc2CC(O)c2ccccc21,0
NC(=O)C1(N2CCCCC2)CCN(CCCN2c3ccccc3CCc3ccc(Cl)cc32)CC1,0
C#C[C@]1(O)CC[C@H]2[C@@H]3CCC4=CCCC[C@@H]4[C@H]3CC[C@@]21C,0
CN(C)CCN(Cc1ccc(Cl)cc1)c1ccccn1,0
CCCCS(=O)(=O)N[C@@H](Cc1ccc(OCCCCC2CCNCC2)cc1)C(=O)O,0
CN1CCC(=C2c3ccccc3CCc3cccnc32)CC1,0
Clc1ccc(C(Cn2ccnc2)OCc2ccsc2Cl)c(Cl)c1,0
C[C@]12CC[C@@H]3c4ccc(O)cc4C[C@@H](CCCCCCCCCS(=O)CCCC(F)(F)C(F)(F)F)C3[C@@H]1CC[C@@H]2O,0
CCN(CC)CCNc1ccc(CO)c2sc3ccccc3c(=O)c12,0
O=C(O)CNC(=O)c1ncc(-c2cccc(Cl)c2)cc1O,0
CC1=C(C(C)CO)CC2(O)C3(C)CC(=O)OC4(C(O)C(C)CCC34O)C12O,0
CC[C@@H](c1cccc(O)c1)[C@@H](C)CN(C)C,0
Cn1c(=O)c2c(ncn2CCOC(=O)c2cccnc2)n(C)c1=O,0
Cc1ccc(Cl)c(OCC(O)CNC(C)(C)C)c1,0
CN1C2CCC1CC(OC(=O)c1c[nH]c3ccccc13)C2,0
O=C(O)CN(CC(=O)O)Cc1cc2c(cc1O)Oc1cc(O)c(CN(CC(=O)O)CC(=O)O)cc1C21OC(=O)c2ccccc21,0
COc1cc(NCc2ccc3nc(N)nc(N)c3c2C)cc(OC)c1OC,0
NC(Cc1cc(I)c(Oc2ccc(O)c(I)c2)c(I)c1)C(=O)O,0
Clc1cccc(Cl)c1NC1=NCCN1,0
c1coc(CNc2ncnc3nc[nH]c23)c1,0
N#C/C(=C1/SC[C@@H](c2ccc(Cl)cc2Cl)S1)n1ccnc1,0
O=C1NCC2(CCN(CCc3ccccc3)CC2)O1,0
CCCCCCOC(=O)c1ccccc1C(=O)c1ccc(N(CC)CC)cc1O,0
C/C(=C\C(=O)OCCCCCCCCC(=O)O)C[C@@H]1OC[C@H](C[C@@H]2O[C@H]2[C@@H](C)[C@H](C)O)[C@@H](O)[C@H]1O,0
COCCOCCOCCOCCOCCOCCOCCOCCOCCOCCOCCOCCOCCOCCOCCOCCOCCOCCOCCOCCOCCOCCOCCOCCOCCOCCOCCO,0
O=C(O)c1cc(=O)c2c(OCC(O)COc3cccc4oc(C(=O)O)cc(=O)c34)cccc2o1,0
Cc1nc2c([nH]1)CCN(C(=O)c1ccc(NC(=O)c3ccccc3-c3ccccc3)cc1)c1ccccc1-2,0
CC(C)(C)NCC(O)COc1nsnc1N1CCOCC1,0
CCCCOCCOCCOCc1cc2c(cc1CCC)OCO2,0
Oc1ccc2c(c1)C13CCCCC1(O)C(C2)N(CC1CCC1)CC3,0
CC(=O)NO,0
O=C1CC2(CCCC2)CC(=O)N1CCCCN1CCN(c2ncccn2)CC1,0
O=C(OOC(=O)c1ccccc1)c1ccccc1,0
CCC1C(C)=NN=C(c2ccc(OC)c(OC)c2)c2cc(OC)c(OC)cc21,0
CN(C(=O)CN(CCO)CC(=O)N(C)C(C)(C)Cc1ccccc1)C(C)(C)Cc1ccccc1,0
OCc1cc(C(O)CNCCCCCCOCCCCc2ccccc2)ccc1O,0
O=c1[nH]c(=O)n([C@H]2C[C@H](O)[C@@H](CO)O2)cc1F,0
C=CC(C)(O)CCC=C(C)C,0
COC(=O)[C@H]1[C@@H](c2ccc([123I])cc2)C[C@@H]2CC[C@H]1N2CCCF,0
COc1cc2c(cc1OC)CC(=O)N(CCCN(C)C[C@H]1Cc3cc(OC)c(OC)cc31)CC2,0
NS(=O)(=O)c1cc2c(cc1C(F)(F)F)NCNS2(=O)=O,0
CC1=C(/C=C/C(C)=C/C=C/C(C)=C/C=C/C=C(C)/C=C/C=C(C)/C=C/C2=C(C)C[C@@H](O)CC2(C)C)C(C)(C)C[C@H](O)C1,0
CCN(C)[C@@H](C)[C@H](O)c1ccccc1,0
CC(C)(C)NCC(O)COc1ccccc1C1CCCC1,0
CC(C)(C)c1cc(C(C)(C)C)c(NC(=O)c2c[nH]c3ccccc3c2=O)cc1O,0
C[C@@H]1C[C@H]2[C@@H]3C[C@H](F)C4=CC(=O)C=C[C@]4(C)[C@@]3(Cl)[C@@H](O)C[C@]2(C)[C@H]1C(=O)CO,0
CCCC[C@H](C)C[C@H](O)/C=C/[C@H]1[C@H](O)CC(=O)[C@@H]1CCCC/C=C/C(=O)O,0
O=C(O)CN(CC(=O)O)CC(O)CN(CC(=O)O)CC(=O)O,0
Cc1cc(C(=O)NNCc2ccccc2)no1,0
Nc1ccc(S(=O)(=O)Nc2ccccn2)cc1,0
CC(=O)OCC(=O)NCCCOc1cccc(CN2CCCCC2)c1,0
CCC(=O)O[C@]1(C(=O)SCF)[C@H](C)C[C@H]2[C@@H]3C[C@H](F)C4=CC(=O)C=C[C@]4(C)[C@@]3(F)[C@@H](O)C[C@@]21C,0
Cc1ccc(-n2[nH]c(C)c(N=Nc3cccc(-c4cccc(C(=O)O)c4)c3O)c2=O)cc1C,0
CC(CN1c2ccccc2Sc2ccc(S(=O)(=O)N(C)C)cc21)N(C)C,0
CNC(C)CCC=C(C)C,0
CC[C@H](CC[C@@H](C)[C@H]1CC[C@H]2[C@@H]3CC=C4C[C@@H](O[C@@H]5O[C@H](CO)[C@@H](O)[C@H](O)[C@H]5O)CC[C@]4(C)[C@H]3CC[C@]12C)C(C)C,0
Nc1[nH]c(=O)ncc1F,0
COc1c(C)c2c(c(O)c1C/C=C(\C)CCC(=O)OCCN1CCOCC1)C(=O)OC2,0
NS(=O)(=O)c1cc(C(=O)O)cc(N2CCCC2)c1Oc1ccccc1,0
CN1CCC(CN2c3ccccc3Sc3ccccc32)C1,0
O=C(Nc1ccc(Cl)cc1)Nc1ccc(Cl)c(Cl)c1,0
O=P(O)(O)CP(=O)(O)O,0
OCCOc1ccc(C(=C(CCCl)c2ccccc2)c2ccccc2)cc1,0
CC1(C)S[C@@H]2[C@H](NC(=O)C3(N)CCCCC3)C(=O)N2[C@H]1C(=O)O,0
O=c1ccc2cc(O[C@@H]3O[C@H](CO)[C@@H](O)[C@H](O)[C@H]3O)c(O)cc2o1,0
CCCCCCCCCCCCCCCCCCCCCCO,0
CCC(=O)N(c1ccccc1)C1(COC)CCN(CCn2nnn(CC)c2=O)CC1,0
CCOC(=O)C1=CC(OC(CC)CC)C(NC(C)=O)C(N)C1,0
CC(=O)NC1C(N=C(N)N)C=C(C(=O)O)OC1C(O)C(O)CO,0
CC(C)=CCC/C(C)=C/C=C/C(C)=C/C=C/C(C)=C/C=C/C=C(C)/C=C/C=C(C)/C=C/C=C(\C)CCC=C(C)C,0
CC1/C=C/C=C/CC/C=C/C=C/C=C/C=CC(OC2O[C@H](C)[C@@H](O)[C@H](N)[C@@H]2O)CC(O)C(C(=O)O)C(O)CC(=O)CC(O)C(O)CCC(O)CC(O)CC(O)CC(=O)OC(C)C(C)C1O,0
C[C@]12CC[C@@H]3c4ccc(O)cc4CC[C@H]3[C@@H]1CC[C@@H]2OC(=O)CCC1CCCC1,0
CC(O)(P(=O)(O)O)P(=O)(O)O,0
CCC(NC(C)C)C(O)c1ccc(O)c(O)c1,0
COC(=O)CCC(=O)CN,0
COc1ccc(CCNCC(O)COc2cccc(C)c2)cc1OC,0
N#CC(=C1SC[C@@H](c2ccc(Cl)cc2Cl)S1)n1ccnc1,0
CNC(C)(C)Cc1ccccc1,0
CCCCC(=O)O[C@]1(C(=O)CO)[C@@H](C)C[C@H]2[C@@H]3CCC4=CC(=O)C=C[C@]4(C)[C@@]3(F)[C@@H](O)C[C@@]21C,0
CCN(CC)CC(=O)Nc1c(C)cccc1C,0
C[C@]12CC[C@@H]3c4ccc(O)cc4CC[C@H]3[C@@H]1CCC2=O,0
CN1CCc2cccc3c2C1Cc1ccc(O)c(O)c1-3,0
C[C@]12CC[C@H]3C(=CCc4cc(O)ccc43)[C@@H]1CCC2=O,0
CCOc1cc([C@@H](CS(C)(=O)=O)N2C(=O)c3cccc(NC(C)=O)c3C2=O)ccc1OC,0
O=C(Nc1nc(-c2cc(Cl)cs2)c(N2CCN(C3CCCCC3)CC2)s1)c1cnc(N2CCC(C(=O)O)CC2)c(Cl)c1,0
c1ccc2c(c1)CCCC2C1=NCCN1,0
C[C@]12CC[C@@H]3c4ccc(OS(=O)(=O)O)cc4CC[C@H]3[C@@H]1CCC2=O,0
CCCCC[C@H](O)/C=C/[C@@H]1[C@H]2CC(=CCCCC(=O)O)O[C@H]2C[C@H]1O,0
O=C(CCCCCCC(=O)Nc1ccccc1)NO,0
NCCc1cnc[nH]1,0
COc1cc(CNC(=O)CCCCC=CC(C)C)ccc1O,0
OC(CCN1CCCC1)(c1ccccc1)C1CCCCC1,0
CC(C)CN(C[C@@H](OP(=O)(O)O)[C@H](Cc1ccccc1)NC(=O)O[C@H]1CCOC1)S(=O)(=O)c1ccc(N)cc1,0
NC(=O)[C@@H]1CCCN1C(=O)[C@H](Cc1cnc[nH]1)NC(=O)[C@@H]1CCC(=O)N1,0
CO[C@@H]1[C@@H](OC(N)=O)[C@@H](O)[C@H](Oc2ccc3c(O)c(NC(=O)c4ccc(O)c(CC=C(C)C)c4)c(=O)oc3c2C)OC1(C)C,0
CC(COc1ccccc1)N(CCCl)Cc1ccccc1,0
CC12CCC(CC1=O)C2(C)C,0
CN(C)CCOC(=O)C(c1ccccc1)C1(O)CCCC1,0
CC(=O)OCC(=O)[C@@]1(O)CC[C@H]2[C@@H]3CCC4=CC(=O)CC[C@]4(C)[C@H]3C(=O)C[C@@]21C,0
COC1=C(OC)C(=O)C(C/C=C(\C)CC/C=C(\C)CC/C=C(\C)CC/C=C(\C)CC/C=C(\C)CC/C=C(\C)CC/C=C(\C)CC/C=C(\C)CC/C=C(\C)CCC=C(C)C)=C(C)C1=O,0
Cc1cccn2c(=O)c(-c3nn[nH]n3)cnc12,0
C#C[C@]1(O)CC[C@H]2[C@@H]3CCC4=CCCC[C@@H]4[C@H]3C(=C)C[C@@]21CC,0
CCC=O,0
NCC(=O)O,0
OC[C@H]1NC[C@H](O)[C@@H](O)[C@H]1O,0
CCN[C@H]1CN(CCCOC)S(=O)(=O)c2sc(S(N)(=O)=O)cc21,0
C[C@]12COC(=O)C[C@@H]1CC[C@@H]1[C@@H]2CC[C@@]2(C)[C@H]1CC[C@]2(C)O,0
Nc1ccc(S(=O)(=O)Nc2nccs2)cc1,0
CCN(CC)CCNC(=O)c1cc(S(C)(=O)=O)ccc1OC,0
c1ccc(CN(CC2=NCCN2)c2ccccc2)cc1,0
CN(C)CCC=C1c2ccccc2C=Cc2ccccc21,0
O=C(O)C[C@@H]1CC[C@H](NC(=O)Cc2cccs2)B(O)O1,0
CCN(CC)c1cc(C)nc2ncnn12,0
CC(=O)C1(O)CCC2C3CC(C)C4=CC(=O)C=CC4(C)C3(F)C(O)CC21C,0
CCOc1cc(CC(=O)NC(CC(C)C)c2ccccc2N2CCCCC2)ccc1C(=O)O,0
CC(=O)OCC(=O)[C@@]12N=C(C)O[C@@H]1C[C@H]1[C@@H]3CCC4=CC(=O)C=C[C@]4(C)[C@H]3[C@@H](O)C[C@@]12C,0
CN1[C@@H]2CC[C@H]1CC(OC(=O)C(O)c1ccccc1)C2,0
Cc1ccc(/C=C2/C(=O)C3(C)CCC2C3(C)C)cc1,0
Oc1ccc(Cl)cc1,0
CN(C)C(=N)N=C(N)N,0
CCCCN(CCCC)CCC(O)c1cc2c(Cl)cc(Cl)cc2c2cc(C(F)(F)F)ccc12,0
C#Cc1cccc(Nc2ncnc3cc4c(cc23)OCCOCCOCCO4)c1,0
C[C@@H]1C[C@H]2[C@@H]3CCC4=CC(=O)C=C[C@]4(C)[C@@]3(F)[C@@H](O)C[C@]2(C)[C@H]1C(=O)CO,0
C#C[C@]1(O)CC[C@H]2[C@@H]3CCC4=CC(=O)CC[C@@H]4[C@H]3CC[C@@]21CC,0
CC(C)(C)C(O)/C=C/c1ccc2c(c1)OCO2,0
Cc1cc(O)cc(C)c1Cl,0
CC1OC(C)OC(C)O1,0
COCCCN1CCC(NC(=O)c2cc(Cl)c(N)c3c2OCC3)CC1,0
CCCc1nc(C)c2c(=O)[nH]c(-c3cc(S(=O)(=O)N4CCN(CC)CC4)ccc3OCC)nn12,0
CC(C=CC1=C(C)CCCC1(C)C)=CC=CC(C)=CCO,0
C[Si]1(C)O[Si](C)(C)O[Si](C)(C)O[Si](C)(C)O[Si](C)(C)O1,0
Cc1ccc(Sc2ccccc2N2CCNCC2)c(C)c1,0
Cn1c(=O)cc(N2CCC[C@@H](N)C2)n(Cc2ccccc2C#N)c1=O,0
CN(C)[C@@H]1C(=O)C(C(=O)NCN2CCCC2)=C(O)[C@@]2(O)C(=O)C3=C(O)c4c(O)cccc4[C@@](C)(O)[C@H]3C[C@@H]12,0
CN(C)[C@@H]1C(=O)C(C(=O)NCNCCCC[C@H](N)C(=O)O)=C(O)[C@@]2(O)C(=O)C3=C(O)c4c(O)cccc4[C@@](C)(O)C3C[C@@H]12,0
O=C(Oc1ccccc1)c1ccccc1O,0
CN(CC=CC#CC(C)(C)C)Cc1cccc2ccccc12,0
OC[C@H]1O[C@@H](Oc2cc(O)cc(/C=C/c3ccc(O)cc3)c2)[C@H](O)[C@@H](O)[C@@H]1O,0
CC#CCn1c(N2CCC[C@@H](N)C2)nc2c1c(=O)n(Cc1nc(C)c3ccccc3n1)c(=O)n2C,0
CC1(O)CCC2C3CCC4=CC(=O)CCC4(C)C3(F)C(O)CC21C,0
CN(CC=Cc1ccccc1)Cc1cccc2ccccc12,0
C=C1CCC(O)CC1=CC=C1CCCC2(C)C1CCC2C(C)C=CC(C)C(C)C,0
CCN(CC)CCCN(c1ccccc1)C1Cc2ccccc2C1,0
CNC(=O)c1cnn(-c2nc(N)c3ncn([C@@H]4O[C@H](CO)[C@@H](O)[C@H]4O)c3n2)c1,0
CC(C)(C)c1ccc(CN2CCN(C(c3ccccc3)c3ccc(Cl)cc3)CC2)cc1,0
COc1cc(CNC(=O)CCCC/C=C/C(C)C)ccc1O,0
COc1ccc(-c2cc(=S)ss2)cc1,0
CC(C)C1CCC(C(=O)NC(Cc2ccccc2)C(=O)O)CC1,0
COC1C(CO)OC(OCC2OC(OC3C(CO)OC(C)C(O)C3O)C(O)C(O)C2OC2OC(CO)C(OC)C(O)C2OCCO)C(O)C1O,0
NCCCC[C@H](NC(=O)[C@H](Cc1cnc[nH]1)NC(=O)CN)C(=O)O,0
Oc1c(Cl)cc(Cl)c2cccnc12,0
OC1C(O)C(O)C(O)C(O)C1O,0
CC(C)(C#N)c1cc(Cn2cncn2)cc(C(C)(C)C#N)c1,0
CCc1cc2c(cc1CC)CC(NCC(O)c1ccc(O)c3[nH]c(=O)ccc13)C2,0
NC(=NCCCCCCN=C(N)N=C(N)Nc1ccc(Cl)cc1)N=C(N)Nc1ccc(Cl)cc1,0
CCOC(=O)O[C@]1(C(=O)OCCl)CCC2C3CCC4=CC(=O)C=C[C@]4(C)C3[C@@H](O)C[C@@]21C,0
CCCC(=O)Nc1ccc(OCC(O)CNC(C)C)c(C(C)=O)c1,0
CC(=O)OCC(=O)C12OC3(CCCC3)OC1CC1C3CCC4=CC(=O)C=CC4(C)C3(F)C(O)CC12C,0
CC(=O)c1ccc2c(c1)N(CC(C)N(C)C)c1ccccc1S2,0
CCCNC(C)C(=O)Nc1c(C)csc1C(=O)OC,0
O=C[C@H](O)[C@@H](O)[C@H](O)[C@H](O)CO[C@H]1O[C@H](CO[C@@H]2O[C@@H](CO)[C@H](O)[C@@H](O)[C@@H]2O)[C@@H](O)[C@H](O)[C@H]1O,0
COc1ccc(Cc2nccc3cc(OC)c(OC)cc23)cc1OC,0
CC(OC(=O)NCC1(CC(=O)O)CCCCC1)OC(=O)C(C)C,0
CCN(CC)CCS(=O)(=O)[C@@H]1CCN2C(=O)c3coc(n3)CC(=O)C[C@H](O)/C=C(C)/C=C/CNC(=O)/C=C/[C@@H](C)[C@@H](C(C)C)OC(=O)[C@@H]12,0
CNC(=O)[C@@H](NC(=O)[C@H](CC(C)C)[C@H](O)C(=O)NO)C(C)(C)C,0
Cc1cc(CC(C)C[Si](C)(O[Si](C)(C)C)O[Si](C)(C)C)c(O)c(-n2nc3ccccc3n2)c1,0
COc1cc(O)c(C(=O)c2ccccc2)cc1S(=O)(=O)O,0
COc1c(O)c(C)c(C/C=C(\C)CC/C=C(\C)CC/C=C(\C)CC/C=C(\C)CC/C=C(\C)CC/C=C(\C)CC/C=C(\C)CC/C=C(\C)CC/C=C(\C)CCC=C(C)C)c(O)c1OC,0
Nc1ccc(C(=O)Oc2ccccc2)c(O)c1,0
CC(SC(=O)c1cccs1)C(=O)NCC(=O)O,0
Clc1ccc(CO/N=C(/Cn2ccnc2)c2ccc(Cl)cc2Cl)c(Cl)c1,0
N[C@H](CO)C(=O)O,0
O=c1cc(-c2ccccc2)oc2cc(O)c(O)c(O)c12,0
O=C(c1ccc(OCCN2CCCCC2)cc1)c1c(-c2ccc(O)cc2)sc2cc(O)ccc12,0
NC(N)=NCCCC(N)C(=O)O,0
Nc1ccc2cc3ccc(N)cc3nc2c1,0
C[C@H]1[C@H](OC(=O)CCC(=O)O)O[C@@H]2O[C@@]3(C)CC[C@H]4[C@H](C)CC[C@@H]1[C@@]24OO3,0
CC1CCC(C(C)C)C(OC(=O)c2ccccc2N)C1,0
OCCN(CCO)CCO,0
CC(C)(C)NCC(O)COc1cccc2c1CCCC2=O,0
CCC1OC(=O)C(C)C(OC2CC(C)(OC)C(O)C(C)O2)C(C)C(OC2OC(C)CC(N(C)C)C2O)C(C)(O)CC(C)C(=O)C(C)C(O)C1(C)O,0
CC(C)NCCCC1(C(N)=O)c2ccccc2-c2ccccc21,0
Cc1ccc(S(=O)(=O)NC(=O)NN2CCCCCC2)cc1,0
CN[C@@H](C)[C@H](O)c1ccc(O)cc1,0
NCC1CCC(C(=O)O)CC1,0
CC12C=CC(=O)C=C1CCC1C2C(=O)CC2(C)C1CCC2(O)C(=O)CO,0
CCCC(C)C1(CC)C(=O)NC(=S)NC1=O,0
CC(=O)O[C@]1(C(C)=O)CC[C@H]2[C@@H]3C=C(Cl)C4=CC(=O)[C@@H]5C[C@@H]5[C@]4(C)[C@H]3CC[C@@]21C,0
COc1nc2ccc(Br)cc2cc1[C@H](c1ccccc1)[C@@](O)(CCN(C)C)c1cccc2ccccc12,0
CCN(CCCCOC(=O)c1ccc(OC)c(OC)c1)C(C)Cc1ccc(OC)cc1,0
CC(C)C(=O)OCC(=O)[C@@]12OC(C3CCCCC3)O[C@@H]1C[C@H]1[C@@H]3CCC4=CC(=O)C=C[C@]4(C)[C@H]3[C@@H](O)C[C@@]12C,0
CC(C)c1cccc(C(C)C)c1OCOP(=O)(O)O,0
CC(=O)C1(O)CCC2C3C=C(Cl)C4=CC(=O)C5CC5C4(C)C3CCC21C,0
CC(C)C1NC(=O)C(CCCCN)NC(=O)C(Cc2c[nH]c3ccccc23)NC(=O)C(Cc2ccc(O)cc2)NC(=O)C(NC(=O)C(N)Cc2ccc3ccccc3c2)CSSCC(C(=O)NC(C(N)=O)C(C)O)NC1=O,0
N#CCCN1C(=O)C(O)N=C(c2ccccc2F)c2cc(Cl)ccc21,0
CN(Cc1ccc(C(C)(C)C)cc1)Cc1cccc2ccccc12,0
O=P(O)(O)C(Sc1ccc(Cl)cc1)P(=O)(O)O,0
COc1ccc(CC(C)(C)NC[C@H](O)c2cc(O)cc3c2OCC(=O)N3)cc1,0
CC1=C(/C=C/C(C)=C\C=C\C(C)=C\C(=O)O)C(C)(C)CCC1,0
CCOC(=O)c1ncn2c1CN(C)C(=O)c1cc(F)ccc1-2,0
CC(=O)c1ccc2c(c1)N(CCCN1CCN(CCO)CC1)c1ccccc1S2,0
CC(/C=C\C(=O)O)=C/C(=O)O,0
OC(CCN1CCCCC1)(c1ccccc1)C1CCCC1,0
Cc1ccc(C(C)C)c(O)c1,0
C[C@@H]1C[C@H]2[C@H]3[C@H]([C@@H](O)C[C@]2(C)[C@@]1(O)C(=O)CO)[C@@]1(C)C=CC(=O)C=C1C[C@H]3Cl,0
CCCC(=O)OC1(C(=O)CCl)C(C)CC2C3CCC4=CC(=O)C=CC4(C)C3(F)C(=O)CC21C,0
N#Cc1ccc2c(c1)N(CCCN1CCC(O)CC1)c1ccccc1S2,0
N#Cc1ccccc1-c1cc(-c2ccccn2)cn(-c2ccccc2)c1=O,0
CCCCCON=O,0
Clc1ccc(CCC(Cn2ccnc2)Sc2c(Cl)cccc2Cl)cc1,0
CCCCCCCC(=O)N[C@H](CN1CCCC1)[C@H](O)c1ccc2c(c1)OCCO2,0
N#Cc1ccc2[nH]cc(CCCCN3CCN(c4ccc5oc(C(N)=O)cc5c4)CC3)c2c1,0
O=C1OC2(c3ccc(O)cc3Oc3cc(O)ccc32)c2ccccc21,0
COC(=O)[C@H]1[C@H]2C[C@@H]3c4[nH]c5ccccc5c4CCN3C[C@H]2C[C@@H](OC(=O)c2cc(OC)c(OC)c(OC)c2)[C@@H]1OC,0
CCCCOCc1ccc(O)c(OC)c1,0
COc1cc(C(=O)NCc2ccc(OCCN(C)C)cc2)cc(OC)c1OC,0
CCOc1ccccc1OCCN[C@@H](C)Cc1ccc(OC)c(S(N)(=O)=O)c1,0
C[C@@H]1O[C@@H](O[C@H]2C[C@@H](O)[C@]3(CO)[C@H]4[C@H](O)C[C@]5(C)[C@@H](C6=CC(=O)OC6)CC[C@]5(O)[C@@H]4CC[C@]3(O)C2)[C@H](O)[C@H](O)[C@H]1O,0
Cc1ccc(-n2nccn2)c(C(=O)N2CCN(c3nc4cc(Cl)ccc4o3)CC[C@H]2C)c1,0
O=c1ccn([C@@H]2O[C@H](COP(=O)(O)O[C@H]3[C@@H](O)[C@H](n4ccc(=O)[nH]c4=O)O[C@@H]3CO)[C@@H](O)[C@H]2O)c(=O)[nH]1,0
OCC(CO)N[C@H]1C[C@](O)(CO)[C@@H](O)[C@H](O)[C@H]1O,0
C#CCN(C)Cc1ccccc1,0
CC[C@H]1[C@@H](O)[C@@H]2[C@H](CC[C@]3(C)[C@@H]([C@H](C)CCC(=O)O)CC[C@@H]23)[C@@]2(C)CC[C@@H](O)C[C@@H]12,0
CC(C)OC(=O)CCCC=CCC1C(O)CC(O)C1CCC(O)CCc1ccccc1,0
C[C@H]1CNCCc2ccc(Cl)cc21,0
CC1O[C@@]2(CS1)CN1CCC2CC1,0
Oc1c(Cl)cc(Cl)c(Cl)c1Cc1c(O)c(Cl)cc(Cl)c1Cl,0
C=CCC1(C(C)CCC)C(=O)NC(=S)NC1=O,0
NC(=O)NC(=O)Cc1ccccc1,0
CN(C)CCOc1ccc(C(=C(CCCl)c2ccccc2)c2ccccc2)cc1,0
CC(C)C(=O)OCC(=O)[C@@]12O[C@H](C3CCCCC3)O[C@@H]1C[C@H]1[C@@H]3CCC4=CC(=O)C=C[C@]4(C)[C@H]3[C@@H](O)C[C@@]12C,0
CC(=O)Oc1ccc2c(c1)CC[C@@H]1[C@@H]2CC[C@]2(C)[C@@H](O)CC[C@@H]12,0
COc1ccc(-c2cc(=O)c3c(O)cc(O[C@@H]4O[C@H](CO[C@@H]5O[C@@H](C)[C@H](O)[C@@H](O)[C@H]5O)[C@@H](O)[C@H](O)[C@H]4O)cc3o2)cc1O,0
C=C1C[C@@H]2[C@H](CC[C@]3(C)C(=O)CC[C@@H]23)[C@@]2(C)C=CC(=O)C=C12,0
COc1cc2nc(N3CCN(C(=O)c4ccco4)CC3)nc(N)c2cc1OC,0
Cc1c(-c2ccccc2)oc2c(C(=O)OCCN3CCCCC3)cccc2c1=O,0
C[C@@H](CO)NC(=O)[C@@H]1C=C2c3cccc4[nH]cc(c34)C[C@H]2N(C)C1,0
CC(=O)OCC(=O)C1(OC(C)=O)C(C)CC2C3CC(F)C4=CC(=O)C=CC4(C)C3(F)C(O)CC21C,0
Cc1coc2c1C(=O)C(=O)c1c-2ccc2c1CCCC2(C)C,0
O=C(O)CC(O)(CC(=O)O)C(=O)O,0
CC(=O)NC1C(O)OC(COS(=O)(=O)O)C(OC2OC(C(=O)O)C(OC3OC(CO)C(OC4OC(C(=O)O)C(O)C(O)C4OS(=O)(=O)O)C(OS(=O)(=O)O)C3NS(=O)(=O)O)C(O)C2OS(=O)(=O)O)C1O,0
CC(=O)[C@H]1CC[C@H]2[C@@H]3CC=C4C[C@@H](O)CC[C@]4(C)[C@H]3CC[C@]12C,0
CCCCCCCC(=O)O,0
CC(CC(=O)C[C@@H](C)[C@H]1CC(=O)[C@@]2(C)C3=C(C(=O)C[C@]12C)[C@@]1(C)CCC(=O)C(C)(C)C1C[C@@H]3O)C(=O)O,0
O=C1OC[C@H]2OC(=O)c3oc(=O)c4cc(O)c(O)c(O)c4c4c(O)c(O)c(O)cc4c(=O)oc3[C@@H]2OC(=O)c2cc(O)c(O)c(O)c2-c2c1cc(O)c(O)c2O,0
NCc1ccc(S(N)(=O)=O)cc1,0
Cc1ccnc(NS(=O)(=O)c2ccc(N)cc2)n1,0
CC(C)NCC(O)c1ccc(NS(C)(=O)=O)cc1,0
OCc1ccccc1,0
O=C1NC(c2ccccc2)(c2ccccc2)C(=O)N1COP(=O)(O)O,0
O=C(/C=C/c1ccc(O)c2c1[C@@H](C(=O)O[C@H](Cc1ccc(O)c(O)c1)C(=O)O)[C@H](c1ccc(O)c(O)c1)O2)O[C@H](Cc1ccc(O)c(O)c1)C(=O)O,0
CCCNC(C)C(=O)Nc1ccccc1C,0
C[C@@H]1C[C@H]2[C@@H]3C[C@H](F)C4=CC(=O)C=C[C@]4(C)[C@H]3[C@@H](O)C[C@]2(C)[C@@]1(O)C(=O)CO,0
CCC(=O)OC1(C(=O)SCF)C(C)CC2C3CC(F)C4=CC(=O)C=CC4(C)C3(F)C(O)CC21C,0
CCOc1ccc(Cc2cc([C@@H]3O[C@H](CO)[C@@H](O)[C@H](O)[C@H]3O)ccc2Cl)cc1,0
CCCCCCCCCCC(=O)O[C@H]1CC[C@H]2[C@@H]3CCC4=CC(=O)CC[C@]4(C)[C@H]3CC[C@]12C,0
CNC(C)CC1CCCCC1,0
CCCN1C[C@@H](NS(=O)(=O)N(CC)CC)C[C@@H]2Cc3c(O)cccc3C[C@H]21,0
COc1cc(C(=O)C(CO)c2ccc(O)c(OC)c2)ccc1O,0
CCN(CC)CCOC(=O)c1ccc(N)cc1,0
Cc1ccc(=O)n(-c2ccccc2)c1,0
Cc1ccc(C(=O)Nc2ccc(CN3CCN(C)CC3)c(C(F)(F)F)c2)cc1C#Cc1cnc2cccnn12,0
CN(C)[C@@H]1C(=O)C(C(=O)NCO)=C(O)[C@@]2(O)C(=O)C3=C(O)c4c(O)ccc(Cl)c4[C@@](C)(O)[C@H]3C[C@@H]12,0
C#C[C@]1(O)C=C[C@H]2[C@@H]3CCC4=CC(=O)CC[C@@H]4[C@H]3CC[C@@]21CC,0
Cc1ccccc1C(OCCN(C)C)c1ccccc1,0
CCCCCCCC(=O)CCC1C(O)CC(O)C1CC=CCCCC(=O)OC(C)C,0
CN=C(N)NCCC[C@H](N)C(=O)O,0
O=c1[nH]c(=O)n(C2CC(O)C(CO)O2)cc1F,0
O=C(O)c1nc(=O)[nH]c(=O)[nH]1,0
CC(=O)[C@@]1(C)CC[C@H]2[C@@H]3C=C(C)C4=CC(=O)CC[C@]4(C)[C@H]3CC[C@@]21C,0
O=C(O)CCCc1ccc(N(CCCl)CCCl)cc1,0
CCc1c(Cl)c(O)c(Cl)c(O)c1C(=O)OC1C(C)OC(OC/C2=C/C=C/CC(O)/C(C)=C/C(CC)C(OC3OC(C)(C)C(OC(=O)C(C)C)C(O)C3O)/C(C)=C/C(C)=C/CC(C(C)O)OC2=O)C(OC)C1O,0
N#C[C@@H]1C[C@@H]2C[C@@H]2N1C(=O)[C@@H](N)C12CC3CC(CC(O)(C3)C1)C2,0
CNCCc1ccccn1,0
C[C@H](N)[C@H](O)c1ccc(O)c(O)c1,0
C[C@@H]1C[C@H]2[C@@H]3C[C@H](F)C4=CC(=O)C=C[C@]4(C)[C@@]3(F)[C@@H](O)C[C@]2(C)[C@@]1(O)C(=O)SCF,0
CN(C)N=Nc1nc[nH]c1C(N)=O,0
NC(CO)(CO)CO,0
Cc1nccn1CC1CCc2c(c3ccccc3n2C)C1=O,0
O=c1n(CCCN2CCN(c3cccc(Cl)c3)CC2)nc2ccccn12,0
O=C(CCBr)N1CCN(C(=O)CCBr)CC1,0
CCC(=O)OCC(=O)[C@@]1(OC(=O)CC)[C@@H](C)C[C@H]2[C@@H]3CCC4=CC(=O)C=C[C@]4(C)[C@@]3(Cl)[C@@H](O)C[C@@]21C,0
CC(=O)Nc1ccc(OCC(O)CNC(C)C)cc1,0
C=CCC1=C(C)C(OC(=O)[C@@H]2[C@@H](C=C(C)C)C2(C)C)CC1=O,0
C[C@@H](O)[C@H]1C(=O)N2C(C(=O)O)=C(S[C@@H]3CN[C@H](CNS(N)(=O)=O)C3)[C@H](C)[C@H]12,0
c1cc(CN2CCCNCCNCCCNCC2)ccc1CN1CCCNCCNCCCNCC1,0
Cc1cc2cc3c(C)cc(=O)oc3c(C)c2o1,0
O=C(OCCOCCN1CCCCC1)N1c2ccccc2Sc2cccnc21,0
CC(C)O,0
CCCCC[C@H](O)CC[C@@H]1[C@H]2Cc3cccc(OCC(=O)O)c3C[C@H]2C[C@H]1O,0
NC1=NCC2c3ccccc3Cc3ccccc3N12,0
CN1CCN(C(=O)OC2c3nccnc3C(=O)N2c2ccc(Cl)cn2)CC1,0
CC12CC(=CO)C(=O)CC1CCC1C2CCC2(C)C1CCC2(C)O,0
CCC(COC(=O)c1cc(OC)c(OC)c(OC)c1)(c1ccccc1)N(C)C,0
C=C[C@]1(C)C[C@@H](OC(=O)CSC2C[C@H]3CC[C@@H](C2)N3C)[C@]2(C)[C@H](C)CC[C@]3(CCC(=O)[C@H]32)[C@@H](C)[C@@H]1O,0
CC[C@H](/C=C/[C@@H](C)[C@H]1CC[C@H]2[C@@H]3CC=C4C[C@@H](O)CC[C@]4(C)[C@H]3CC[C@]12C)C(C)C,0
CCCCNc1ccc(C(=O)OCCN(C)C)cc1,0
C/C=C(/C)C(=O)O[C@H]1C(C)=C[C@]23C(=O)[C@@H](C=C(CO)[C@@H](O)[C@]12O)[C@H]1[C@@H](C[C@H]3C)C1(C)C,0
O=C(O)C1OC(OC2C(C(=O)O)OC(OP)C(O)C2O)C(O)C(O)C1P,0
C[C@]12CCC(=O)C=C1CC[C@H]1[C@@H]3CC[C@](O)(C(=O)CO)[C@@]3(C)C[C@H](O)[C@@]12F,0
CN1CCC2=C(C1)c1ccccc1Cc1ccccc12,0
Nc1cc(-c2ccncc2)c[nH]c1=O,0
C[C@]12C=CC(=O)C=C1[C@@H](F)C[C@@H]1[C@@H]2[C@@H](O)C[C@@]2(C)[C@H]1CC[C@]2(O)C(=O)CO,0
C=C1c2cccc(O)c2C(O)=C2C(=O)[C@]3(O)C(O)=C(C(N)=O)C(=O)[C@@H](N(C)C)[C@@H]3[C@@H](O)[C@H]12,0
O=C(O)[C@H]1/C(=C/CO)O[C@@H]2CC(=O)N21,0
COc1ccc(-c2ccc3cc(C(=O)O)ccc3c2)cc1C12CC3CC(CC(C3)C1)C2,0
OC[C@H]1O[C@@H](O[C@@H]2[C@@H](CO)O[C@](O)(CO)[C@H]2O)[C@H](O)[C@@H](O)[C@H]1O,0
NCC[C@@H](O)[C@H](N)CC(=O)N[C@H]1CNC(=O)[C@H]([C@H]2CCN=C(N)N2)NC(=O)/C(=C/NC(N)=O)NC(=O)[C@H](CO)NC(=O)[C@H](CO)NC1=O,0
CCCCC(F)(F)[C@@]1(O)CC[C@H]2[C@@H](CC(=O)[C@@H]2CCCCCCC(=O)O)O1,0
O=c1[nH]c(=O)n(C2CC(O)C(CO)O2)cc1I,0
CCOC(=O)CCCCCCCCC(C)c1ccccc1I,0
CN1c2c(nc(N)[nH]c2=O)NCC1CNc1ccc(C(=O)NC(CCC(=O)O)C(=O)O)cc1,0
CC(C)(C(=O)c1cccnc1)c1cccnc1,0
CN1C(=O)C(O)N=C(c2ccccc2Cl)c2cc(Cl)ccc21,0
CC1(C)O[C@@H]2C[C@H]3[C@@H]4C[C@H](F)C5=CC(=O)CC[C@]5(C)[C@H]4[C@@H](O)C[C@]3(C)[C@]2(C(=O)CO)O1,0
CN1C2CCC1CC(OC(=O)C(CO)c1ccccc1)C2,0
COc1c(-c2ccc3cc(NS(C)(=O)=O)ccc3c2)cc(-n2ccc(=O)[nH]c2=O)cc1C(C)(C)C,0
Cc1c(C)c2c(c(C)c1O)CCC(C)(COc1ccc(CC3SC(=O)NC3=O)cc1)O2,0
CS(C)=O,0
O=C1O[C@H]([C@@H](O)CO)C(O)=C1O,0
COc1cc2c(cc1OC)[C@H]1C[C@@H](OC(=O)[C@@H](N)C(C)C)[C@H](CC(C)C)CN1CC2,0
CCC1(c2ccc(N)cc2)CCC(=O)NC1=O,0
Clc1ccc(Nc2nnc(Cc3ccncc3)c3ccccc23)cc1,0
Nc1ccc(S(=O)(=O)NC(=O)c2ccccc2)cc1,0
CCCCC[C@](C)(O)C=C[C@@H]1[C@@H](CC=CCCCC(=O)O)[C@@H](O)C[C@H]1O,0
CCC(C)C(C)(COC(N)=O)COC(N)=O,0
Nc1ncnc2c1ncn2[C@@H]1O[C@H](CO)C[C@H]1O,0
CCCc1c2oc(C(=O)O)cc(=O)c2cc2c(=O)cc(C(=O)O)n(CC)c12,0
CCCCc1oc2ccc(NS(C)(=O)=O)cc2c1C(=O)c1ccc(OCCCN(CCCC)CCCC)cc1,0
CC1CC2C3CCC4=CC(=O)C=CC4(C)C3(F)C(O)CC2(C)C1(O)C(=O)CO,0
CC(COc1ccccc1)NC(C)C(O)c1ccc(O)cc1,0
CCc1cc2c(cc1CC)CC(NC[C@H](O)c1ccc(O)c3[nH]c(=O)ccc13)C2,0
CN(C)CCc1c[nH]c2ccc(Cn3cncn3)cc12,0
CNc1ccc(/C=C/c2ccc(OCCOCCOCC[18F])nc2)cc1,0
O=C(c1ccc(F)cc1)C1CCN(CCn2c(=O)[nH]c3ccccc3c2=O)CC1,0
C=C1CCN(C(C)C(O)(Cn2cncn2)c2ccc(F)cc2F)CC1,0
C=Cc1ccccc1S(=O)(=O)O,0
CCOCCn1c(N2CCCN(C)CC2)nc2ccccc21,0
C[C@@H](Cc1cc2c(c(C(N)=O)c1)N(CCCO)CC2)NCCOc1ccccc1OCC(F)(F)F,0
C[C@]12CCC3[C@@H](CC[C@H]4NC(=O)C=C[C@]34C)[C@@H]1CC[C@@H]2C(=O)Nc1cc(C(F)(F)F)ccc1C(F)(F)F,0
CC(C)OC(=O)CCC/C=C\C[C@@H]1[C@@H](/C=C/C(F)(F)COc2ccccc2)[C@H](O)C[C@@H]1O,0
COc1ccc(C2C(=O)c3ccccc3C2=O)cc1,0
CC(C)OC(=O)CCC/C=C/CC1C(O)CC(O)C1/C=C/C(F)(F)COc1ccccc1,0
C#C[C@]1(O)CC[C@H]2[C@@H]3CCC4=CC(=O)CC[C@@H]4[C@H]3CC[C@@]21C,0
Oc1ccc2c3c1O[C@H]1[C@@H](O)CC[C@@]4(O)[C@@H](C2)N(CC2CCC2)CC[C@]314,0
CC1(C)OC2CC3C4CC(F)C5=CC(=O)C=CC5(C)C4(F)C(O)CC3(C)C2(C(=O)CO)O1,0
CCCCC(=O)OC1CCC2C3CCc4cc(O)ccc4C3CCC12C,0
CC1(C)OC2CC3C4CC(F)C5=CC(=O)CCC5(C)C4C(O)CC3(C)C2(C(=O)CO)O1,0
O=C(OCc1ccccc1)c1ccccc1,0
NC1CONC1=O,0
O=C(O)[C@H](O)[C@@H](O)C(=O)O,0
O=S(=O)(O)Oc1ccc(C(c2ccc(OS(=O)(=O)O)cc2)c2ccccn2)cc1,0
CN1CCN2c3ccccc3Cc3ccccc3C2C1,0
CCC1(C)OC(=O)N(C)C1=O,0
C[C@H](CCC(=O)O)[C@H]1CC[C@H]2[C@@H]3[C@H](O)C[C@@H]4C[C@H](O)CC[C@]4(C)[C@H]3CC[C@]12C,0
c1ccc2c(CC3=NCCN3)cccc2c1,0
C[C@]12CC[C@@H]3c4ccc(O)cc4CC[C@H]3[C@@H]1CC[C@@H]2O,0
CC1=C(/C=C/C(C)=C/C=C/C(C)=C/C(=O)Nc2ccc(O)cc2)C(C)(C)CCC1,0
CC(N=C(NC#N)Nc1ccncc1)C(C)(C)C,0
COc1cc2nc(N3CCN(C(=O)C4CCCO4)CC3)nc(N)c2cc1OC,0
CNC(=O)c1ccc(N2C(=S)N(c3ccc(C#N)c(C(F)(F)F)c3)C(=O)C2(C)C)cc1F,0
O=C(Nc1c(Cl)cncc1Cl)c1ccc(OC(F)F)c(OCC2CC2)c1,0
O=S(=O)(O)O[C@@H]1[C@@H](OS(=O)(=O)O)[C@H](O[C@@H]2CO[C@@H](O)[C@H](OS(=O)(=O)O)[C@H]2OS(=O)(=O)O)OC[C@H]1O,0
C=C1C[C@@]23CC[C@H]4[C@@](C)(CCC[C@@]4(C)C(=O)O)[C@@H]2CC[C@]1(O[C@@H]1O[C@H](CO)[C@@H](O)[C@H](O)[C@H]1O[C@@H]1O[C@H](CO)[C@@H](O)[C@H](O)[C@H]1O)C3,0
C#C[C@]1(O)CC[C@H]2[C@@H]3CCc4cc(OC5CCCC5)ccc4[C@H]3CC[C@@]21C,0
Nc1nc(=O)c2nc(CNc3ccc(C(=O)N[C@@H](CCC(=O)O)C(=O)O)cc3)cnc2[nH]1,0
COc1cc(C(=O)O)cc(OC)c1O,0
CC(=O)O,0
CNCC12CCC(c3ccccc31)c1ccccc12,0
CCCCCCCCCCCCCCCC(=O)O,0
COc1ccc2cccc(CCNC(C)=O)c2c1,0
O=S(=O)(O)c1ccc2nc(-c3ccccc3)[nH]c2c1,0
C1CCC(C(CC2CCCCN2)C2CCCCC2)CC1,0
C[C@H](CC(=O)C[C@@H](C)[C@H]1CC(=O)[C@@]2(C)C3=C(C(=O)C[C@]12C)[C@@]1(C)CCC(=O)C(C)(C)[C@@H]1CC3=O)C(=O)O,0
N=C(N)N=C(N)N,0
CC(=O)OCC(=O)[C@@]12OC(C)(C)O[C@@H]1C[C@H]1[C@@H]3C[C@H](F)C4=CC(=O)C=C[C@]4(C)[C@@]3(F)[C@@H](O)C[C@@]12C,0
CC(=O)[C@@]1(O)CC[C@H]2[C@@H]3C[C@H](C)C4=CC(=O)C=C[C@]4(C)[C@@]3(F)[C@@H](O)C[C@@]21C,0
CC1CC2C3C(Cl)CC4=CC(=O)C=CC4(C)C3C(O)CC2(C)C1(O)C(=O)CO,0
CC12CCC3c4ccc(O)cc4CCC3C1CCC2=O,0
C[C@H](CCC(=O)O)[C@H]1CC(=O)[C@@]2(C)C3=C(C(=O)C[C@]12C)[C@@]1(C)CCC(=O)C(C)(C)[C@@H]1C[C@@H]3O,0
CN1[C@@H]2CC[C@H]1CC(OC(=O)[C@H](CO)c1ccccc1)C2,0
CC(O)COCC1OC(OC2C(COCC(C)O)OC(OCC(C)O)C(OCC(C)O)C2OCC(C)O)C(OCC(C)O)C(OCC(C)O)C1OCC(C)O,0
CC(C)CCC[C@@H](C)[C@H]1CC[C@H]2[C@@H]3CC=C4C[C@@H](O)CC[C@]4(C)[C@H]3CC[C@]12C,0
CCCCCCCC/C=C\CCCCCCCC(=O)O[C@H](COC(=O)CCCCCCCCCCCCCCC)COP(=O)(O)OCC(O)CO,0
Cc1c(C(=O)NN2CCCCC2)nn(-c2ccc(Cl)cc2Cl)c1-c1ccc(Cl)cc1,0
CC(=O)Nc1c(I)c(NC(C)=O)c(I)c(C(=O)O)c1I,0
C[C@@H]([C@H](O)c1ccccc1)N(C)C,0
CCN(CC)CCOC(=O)c1ccc(N)cc1Cl,0
C=CCCCCCCCCC(=O)N[C@@H](CC(C)C)C(=O)OC,0
CC/C=C\C/C=C\C/C=C\CCCCCCCC(=O)O,0
NC(N)=NC(=O)c1nc(Cl)c(N)nc1N,0
CCCN1CCCC[C@H]1C(=O)Nc1c(C)cccc1C,0
C#C[C@]1(O)CC[C@H]2[C@@H]3CCC4=C(CCC(=O)C4)[C@H]3CC[C@@]21C,0
CC12CCC3C(CCC4=CC(=O)C=CC43C)C1CCC(=O)O2,0
CCOC(=O)C1=C[C@@H](OC(CC)CC)[C@H](NC(C)=O)[C@@H](N)C1,0
CCCCOc1ccc(OCCCN2CCOCC2)cc1,0
CC(=O)[C@]1(O)Cc2c(O)c3c(c(O)c2[C@@H](O[C@H]2C[C@H](N)[C@H](O)[C@H](C)O2)C1)C(=O)c1ccccc1C3=O,0
OCC1OC(O)C(O)C(O)C1O,0
C#C[C@]1(O)CC[C@H]2[C@@H]3[C@H](C)CC4=C(CCC(=O)C4)[C@H]3CC[C@@]21C,0
CCc1cc(C(N)=S)ccn1,0
COc1cc(CNC(=O)CCCC/C=C\C(C)C)ccc1O,0
COc1ncnc(NS(=O)(=O)c2ccc(N)cc2)c1OC,0
CCn1ccc(NS(=O)(=O)c2ccc(N)cc2)nc1=O,0
CCCCOc1cc(C(=O)NCCN(CC)CC)c2ccccc2n1,0
CC1=C(C)C(=O)C(C(CCCCCC(=O)O)c2ccccc2)=C(C)C1=O,0
CCCCCCCCCC(=O)OC1CCC2C3CCC4=CC(=O)CCC4C3CCC12C,0
CCn1cc(C(=O)O)c(=O)c2ccc(C)nc21,0
O=C(O)c1ccc2nc(-c3cc(Cl)cc(Cl)c3)oc2c1,0
CCCCN1C[C@H](O)[C@@H](O)[C@H](O)[C@H]1CO,0
COc1nc2ccc(Br)cc2cc1[C@@H](c1ccccc1)[C@@](O)(CCN(C)C)c1cccc2ccccc12,0
Nc1nc2c(ncn2CCC(CO)CO)c(=O)[nH]1,0
Brc1c(NC2=NCCN2)ccc2nccnc12,0
O=c1[nH]cc(N(CCCl)CCCl)c(=O)[nH]1,0
COC1CCC(=O)N1,0
C=CCN1CC[C@]23CCCC[C@H]2[C@H]1Cc1ccc(O)cc13,0
CC(C)=CCN1CCC2(C)c3cc(O)ccc3CC1C2C,0
O=C[C@H](O)[C@@H](O)[C@@H](O)[C@H](O)CO,0
Cc1nc(NS(=O)(=O)c2ccc(N)cc2)oc1C,0
CCC(=O)NCC[C@@H]1CCc2ccc3c(c21)CCO3,0
CC(C)c1cc2c(cc1S(=O)(=O)O)[C@@]1(C)CCC[C@@](C)(C(=O)O)[C@@H]1CC2,0
C=C1C(=O)O[C@H]2[C@H]1CC/C(C)=C/CC[C@@]1(C)O[C@@H]21,0
CN1CCCN=C1C=Cc1cccs1,0
O=c1oc2c(O)c(O)cc3c(=O)oc4c(O)c(O)cc1c4c23,0
COC(=O)OCOc1c2n(ccc1=O)N([C@@H]1c3ccccc3SCc3c1ccc(F)c3F)[C@@H]1COCCN1C2=O,0
CC1(C)[C@@H](C=C(Cl)Cl)[C@@H]1C(=O)OCc1cccc(Oc2ccccc2)c1,0
O=C1C(c2[nH]c3ccc(S(=O)(=O)O)cc3c2O)=Nc2ccc(S(=O)(=O)O)cc21,0
CCCCC/C=C\C/C=C\CCCCCCCC(=O)O,0
CCC(=O)O[C@](Cc1ccccc1)(c1ccccc1)[C@H](C)CN(C)C,0
CCCC(=O)OC1(C(=O)CO)CCC2C3CCC4=CC(=O)CCC4(C)C3C(O)CC21C,0
CC(=O)Oc1c(C)cc(OCC(O)CNC(C)C)c(C)c1C,0
CC1CC2C3CCC4=CC(=O)C=CC4(C)C3(Cl)C(O)CC2(C)C1(O)C(=O)CO,0
CC(C)(C)NC[C@H](O)COc1cccc2c1CCCC2=O,0
CCCCC(C)(O)C/C=C/[C@H]1[C@H](O)CC(=O)[C@@H]1CCCCCCC(=O)OC,0
CC1(C)[C@H](C(=O)O)N2C(=O)C[C@H]2S1(=O)=O,0
CCCCCCCC(=O)OCC(O)CO,0
Oc1ccc(C2CNCCc3c2cc(O)c(O)c3Cl)cc1,0
Nc1nc2c(c(=O)[nH]1)N(C=O)C(CNc1ccc(C(=O)N[C@@H](CCC(=O)O)C(=O)O)cc1)CN2,0
C#C[C@]1(OC(C)=O)CC[C@H]2[C@@H]3CCC4=C/C(=N\O)CC[C@@H]4[C@H]3CC[C@@]21CC,0
C=C1/C(=C\C=C2/CCC[C@]3(C)[C@@H]([C@H](C)OCCC(C)(C)O)CC[C@@H]23)C[C@@H](O)C[C@@H]1O,0
CC1CCC2(C(=O)O)CCC3(C)C(=CCC4C5(C)CC[C@@H](O)C(C)(C)C5CCC43C)C2C1C,0
CC(C)NCC(O)COc1ccc(CCOCC2CC2)cc1,0
CC1(C)O[C@@H]2C[C@H]3[C@@H]4C[C@H](F)C5=CC(=O)C=C[C@]5(C)[C@@]4(F)[C@@H](O)C[C@]3(C)[C@]2(C(=O)CO)O1,0
COc1ccc(/C=C/C(=O)OCCC(C)C)cc1,0
CCCCCCCC/C=C/CCCCCCCC(=O)O,0
COC(=O)[C@H]1[C@@H](c2ccc(I)cc2)CC2CC[C@H]1N2CCCF,0
CC(=O)NS(=O)(=O)c1ccc(N)cc1,0
CCCCC(=O)O[C@H]1CC[C@H]2[C@@H]3CCc4cc(O)ccc4[C@H]3CC[C@]12C,0
CCCCC(CC)COC(=O)C(C#N)=C(c1ccccc1)c1ccc(OC)cc1,0
CCCCC(CC)CCC(CC(C)C)OS(=O)(=O)O,0
CCC(=O)OCC(=O)C1(OC(=O)CC)C(C)CC2C3C(Cl)CC4=CC(=O)C=CC4(C)C3C(O)CC21C,0
NC(=O)CCC(N)C(=O)O,0
CN[C@H](C)Cc1ccccc1,0
O=C(O)CN1C(=O)[C@@H](N[C@H](CCc2ccccc2)C(=O)O)CCc2ccccc21,0
N[C@H](Cc1cc(I)c(Oc2cc(I)c(O)c(I)c2)c(I)c1)C(=O)O,0
CC1Oc2ccc(C(C)(C)C)cc2O1,0
NC(N)=NCC1COC2(CCCCC2)O1,0
CC(C)(C)C(=O)OCOC(=O)[C@@H]1N2C(=O)[C@@H](NC(=O)[C@H](N)c3ccccc3)[C@H]2SC1(C)C,0
CC(C)(C)CC(C)(C)c1cc(Cc2cc(C(C)(C)CC(C)(C)C)cc(-n3nc4ccccc4n3)c2O)c(O)c(-n2nc3ccccc3n2)c1,0
COc1cc(C[C@@H]2CO[C@@H](c3ccc(O)c(OC)c3)[C@@H]2CO)ccc1O,0
CC1(C)S[C@@H]2[C@H](NC(=O)[C@H](N)c3ccccc3)C(=O)N2[C@H]1C(=O)OCOC(=O)[C@@H]1N2C(=O)C[C@H]2S(=O)(=O)C1(C)C,0
CN1CCC(=C2c3ccccc3CCn3c(C=O)cnc32)CC1,0
COc1ccc(-c2sc3cc(O)ccc3c2Oc2ccc(OCCN3CCCCC3)cc2)cc1,0
CCCCC(CC)COC(=O)c1ccc(N(C)C)cc1,0
CCc1c(C)[nH]c2c1C(=O)C(CN1CCOCC1)CC2,0
O=C1O[C@H](CO)[C@@H](O)[C@H](O)[C@H]1O,0
CCCCCCCC(=O)CC[C@@H]1[C@@H](C/C=C\CCCC(=O)O)[C@@H](O)C[C@H]1O,0
O=C(OCCO)c1ccccc1O,0
Cc1cc(C)cc(OCC2CNC(=O)O2)c1,0
CC(C)COCC(CN(Cc1ccccc1)c1ccccc1)N1CCCC1,0
CN(C)CC[C@@H](c1ccc(Br)cc1)c1ccccn1,0
COc1cc(/C=C/C(=O)CC(=O)/C=C/c2ccc(O)c(OC)c2)ccc1O,0
C[C@@H]1O[C@@H](O[C@@H]2[C@@H](O)[C@H](OCCc3ccc(O)c(O)c3)O[C@H](CO)[C@H]2OC(=O)/C=C/c2ccc(O)c(O)c2)[C@H](O)[C@H](O)[C@H]1O,0
C[C@@H]1C[C@H]2[C@@H]3CCC4=CC(=O)C=C[C@]4(C)[C@@]3(Cl)[C@@H](O)C[C@]2(C)[C@@]1(O)C(=O)CCl,0
COc1cc(C)c(/C=C/C(C)=C/C=C/C(C)=C/C(=O)O)c(C)c1C,0
CC(=O)OCC(=O)C1(O)CCC2C3CCC4=CC(=O)C=CC4(C)C3C(O)CC21C,0
Cc1ccc(C(=O)OCc2ccc([C@@H](CN)C(=O)Nc3ccc4cnccc4c3)cc2)c(C)c1,0
O=C[C@H](O)[C@@H](O)[C@H](O)[C@H](O)CO,0
O=c1oc2ccccc2c(O)c1Cc1c(O)c2ccccc2oc1=O,0
CN1CCC(=C2c3ccccc3CC(=O)c3sccc32)CC1,0
CC(C)NC[C@H](O)COc1ccc(CCOCC2CC2)cc1,0
O=C(O)Cc1ccccc1,0
N#CC(CCN1CCC(C(N)=O)(N2CCCCC2)CC1)(c1ccccc1)c1ccccc1,0
C=CCc1ccc(O)c(OC)c1,0
C[C@H]1CN(C[C@H](Cc2ccccc2)C(=O)NCC(=O)O)CC[C@@]1(C)c1cccc(O)c1,0
CCCCCCCC(=O)NC(CN1CCCC1)C(O)c1ccc2c(c1)OCCO2,0
C[C@@H]1C[C@H]2[C@@H]3C[C@H](F)C4=CC(=O)C=C[C@]4(C)[C@@]3(F)[C@@H](O)C[C@]2(C)[C@@]1(O)C(=O)CO,0
CC1CC2C3CCC4=CC(=O)C=CC4(C)C3(F)C(O)CC2(C)C1(O)C(=O)COP(=O)(O)O,0
CC1(C)[C@@H]2CC[C@@]1(C)C(=O)C2,0
CCCCCCCCCCCCOCCOCCOCCOCCOCCOCCOCCOCCOCCO,0
O=C(O)[C@H](O)Cc1ccc(O)c(O)c1,0
COc1cc(Nc2ncc(F)c(Nc3ccc4c(n3)N(COP(=O)(O)O)C(=O)C(C)(C)O4)n2)cc(OC)c1OC,0
Clc1ccc(CCCOCCCN2CCCCC2)cc1,0
CC1CC2C3CCC4=CC(=O)C=CC4(C)C3(Cl)C(O)CC2(C)C1(OC(=O)c1ccco1)C(=O)CCl,0
CC(C)OC(=O)[C@H](C)NP(=O)(OC[C@H]1O[C@@H](n2ccc(=O)[nH]c2=O)C(C)(F)[C@@H]1O)Oc1ccccc1,0
Fc1ccc(C(c2ccc(F)cc2)N2CCN(C/C=C/c3ccccc3)CC2)cc1,0
CNC1(C)C2CCC(C2)C1(C)C,0
CC(=O)[C@@]1(O)CC[C@H]2[C@@H]3C[C@H](C)C4=CC(=O)CC[C@]4(C)[C@H]3CC[C@@]21C,0
O=C(O)c1cc(O)c(O)c(O)c1,0
CC(=O)N1CCN(c2ccc(OCC3COC(Cn4ccnc4)(c4ccc(Cl)cc4Cl)O3)cc2)CC1,0
COc1ccc(CC(C)(C)NCC(O)c2cc(O)cc3c2OCC(=O)N3)cc1,0
CC1(C)O[C@@H]2C[C@H]3[C@@H]4CCC5=CC(=O)C=C[C@]5(C)[C@H]4[C@@H](O)C[C@]3(C)[C@]2(C(=O)CO)O1,0
CC(CCc1ccc(O)cc1)NCCc1ccc(O)c(O)c1,0
CN(Cc1cc(Br)cc(Br)c1N)C1CCCCC1,0
CC1=CCC2CC1C2(C)C,0
CC(=O)O[C@]1(C(C)=O)CC[C@H]2[C@@H]3C=C(C)C4=CC(=O)CC[C@]4(C)[C@H]3CC[C@@]21C,0
CC(=O)Oc1cccc2c1C(=O)c1c(OC(C)=O)cc(C(=O)O)cc1C2=O,0
CC(N)Cc1ccc(O)cc1,0
CC1OC(OC2C(O)CC(OC3C(O)CC(OC4CCC5(C)C(CCC6C5CC(O)C5(C)C(C7=CC(=O)OC7)CCC65O)C4)OC3C)OC2C)CC(O)C1O,0
CCOC(=O)CCC(=O)OC1C(OC2C(C)C(OC3CC(C)(OC)C(O)C(C)O3)C(C)C(=O)OC(CC)C(C)(O)C(O)C(C)C(=O)C(C)CC2(C)O)OC(C)CC1N(C)C,0
Cc1ccccc1N1CCN(CCc2nnc3n2CCCC3)CC1,0
CC12CCC3c4ccc(O)cc4CCC3C1CCC2OC(=O)CCC1CCCC1,0
CC1(C)O[C@@H]2C[C@H]3[C@@H]4C[C@H](F)C5=CC(=O)C=C[C@]5(C)[C@H]4[C@@H](O)C[C@]3(C)[C@]2(C(=O)CO)O1,0
CCN1C(=O)NC(c2ccccc2)C1=O,0
CC(C)CCn1c(C=O)ccc1CO,0
Cc1ccc(N(CC2=NCCN2)c2cccc(O)c2)cc1,0
CNC(=O)Oc1ccc2c(c1)C1(C)CCN(C)C1N2C,0
C[C@]12C=CC(=O)C=C1CC[C@@H]1[C@@H]2[C@@H](O)C[C@@]2(C)[C@H]1CC[C@]2(O)C(=O)OCCl,0
CC/C=C\C/C=C\C/C=C\C/C=C\CCCCC(=O)O,0
CCCCCCCC(=O)CCC1C(O)CC(O)C1CC=CCCCC(=O)O,0
CC(C)[C@@H]1CC[C@@H](C)C[C@H]1OC(=O)c1ccccc1O,0
CC(CCC(=O)O)C1CCC2C3C(O)CC4CC(O)CCC4(C)C3CC(O)C12C,0
NC(Cc1cc(I)c(Oc2cc(I)c(O)c(I)c2)c(I)c1)C(=O)O,0
CC/C=C\C/C=C\C/C=C\C/C=C\C/C=C\C/C=C\CCC(=O)O,0
CC12C=CC(=O)C=C1CCC1C2C(O)CC2(C)C1CCC2(O)C(=O)CO,0
CC12CCC3c4ccc(O)cc4CCC3C1CC(O)C2O,0
NCCCC(=O)O,0
NS(=O)(=O)c1cc2c(cc1Cl)NC(CSCc1ccccc1)=NS2(=O)=O,0
Cc1cccc(N2CC(CO)OC2=O)c1,0
C[C@H]1C[C@H]2[C@@H]3CCC4=CC(=O)C=C[C@]4(C)[C@@]3(F)[C@@H](O)C[C@]2(C)[C@@]1(O)C(=O)CCl,0
Cc1nsc(-c2nnc3n2CCN(C(=O)c2ccc(F)cc2)[C@@H]3C)n1,0
OB1OCc2cc(F)ccc21,0
O=c1cc(O)c(Cl)c[nH]1,0
CN1C(=O)CC(c2ccccc2)C1=O,0
O=C(O)CCCN1CCC(OC(c2ccc(Cl)cc2)c2ccccn2)CC1,0
Cn1c(=O)cc(N2CCCC(N)C2)n(Cc2ccccc2C#N)c1=O,0
CC(C)=CCC[C@](C)(O)[C@@H]1CC=C(C)CC1,0
COC1=CC(=O)CC(C)C12Oc1c(Cl)c(OC)cc(OC)c1C2=O,0
CCc1cc2c(s1)-n1c(C)nnc1CN=C2c1ccccc1Cl,0
NC(Cc1ccc(N(CCCl)CCCl)cc1)C(=O)O,0
O=C(O)C(O)Cc1ccccc1,0
O=S(O)CNc1ccc(S(=O)(=O)c2ccc(NCS(=O)O)cc2)cc1,0
C=C1/C(=C\C=C2/CCC[C@]3(C)[C@@H]([C@H](C)/C=C/[C@H](C)C(C)C)CC[C@@H]23)C[C@@H](O)C[C@@H]1O,0
C[C@]12CC[C@@H]3c4ccc(O)cc4C[C@@H](CCCCCCCCCS(=O)CCCC(F)(F)C(F)(F)F)[C@H]3[C@@H]1CC[C@@H]2O,0
COc1ccc(CN(CCN(C)C)c2ccccn2)cc1,0
COc1cc2c(cc1Cc1cccc(Cl)c1F)c(=O)c(C(=O)O)cn2[C@H](CO)C(C)C,0
CCCC(C)(COC(N)=O)COC(=O)NC(C)C,0
Cc1ccc([C@@H]2O[C@H](CO)[C@@H](O)[C@H](O)[C@H]2O)cc1Cc1ccc(-c2ccc(F)cc2)s1,0
COc1cc2c(cc1O)CCNC21CSC2c3c(OC(C)=O)c(C)c4c(c3C(COC1=O)N1C(O)C3Cc5cc(C)c(OC)c(O)c5C(C21)N3C)OCO4,0
CC1OC(OCC2OC(Oc3c(-c4ccc(OCCO)c(OCCO)c4)oc4cc(OCCO)cc(O)c4c3=O)C(O)C(O)C2O)C(O)C(O)C1O,0
O=C(/C=C/c1cccc(S(=O)(=O)Nc2ccccc2)c1)NO,0
C=CCN1CCCC1CNC(=O)c1cc2n[nH]nc2cc1OC,0
C[C@]12CCC(=O)C=C1[C@@H]1C[C@@H]1[C@H]1[C@@H]3[C@@H]4C[C@@H]4[C@@]4(CCC(=O)O4)[C@@]3(C)CC[C@@H]12,0
CC(=O)[C@@]1(C)CC[C@H]2[C@@H]3CCC4=CC(=O)CCC4=C3CC[C@@]21C,0
CCCCCCCCCCCCCCOS(=O)(=O)O,0
CC(O)(CS(=O)(=O)c1ccc(F)cc1)C(=O)Nc1ccc(C#N)c(C(F)(F)F)c1,0
N#C[C@@H]1CCCN1C(=O)CNC12CC3CC(CC(O)(C3)C1)C2,0
CCCCCCCCCCCC(=O)OCN1C(=O)CCc2ccc(OCCCCN3CCN(c4cccc(Cl)c4Cl)CC3)cc21,0
O=C[C@H](O)[C@@H](O)[C@H](O)CO,0
C#CC1(O)CCC2C3CCC4=Cc5oncc5CC4(C)C3CCC21C,0
CC12CCC3c4ccc(OS(=O)(=O)O)cc4CCC3C1CCC2=O,0
CN(C)S(=O)(=O)c1ccc2c(c1)N(CCCN1CCC(CCO)CC1)c1ccccc1S2,0
O=C1CC[C@@H](C(=O)O)N1,0
Cc1nnc(NS(=O)(=O)c2ccc(N)cc2)s1,0
CCC(=O)NC[C@@H]1C[C@H]1c1cccc2c1CCO2,0
CNCC(O)c1ccc(OC(=O)C(C)(C)C)c(OC(=O)C(C)(C)C)c1,0
COc1cc(C)c(C=CC(C)=CC=CC(C)=CC(=O)O)c(C)c1C,0
CN(C)CCOc1ccccc1Cc1ccccc1,0
CCCCCC(=O)O[C@]1(C(C)=O)CC[C@H]2[C@@H]3CCC4=CC(=O)CC[C@]4(C)[C@H]3CC[C@@]21C,0
CC(C)[C@@H](C)/C=C/[C@@H](C)[C@H]1CC[C@H]2/C(=C/C=C3\C[C@@H](O)CC[C@@H]3C)CCC[C@]12C,0
Cc1ncc(CO)c(CO)c1O,0
CN=C1CN(O)C(c2ccccc2)=c2cc(Cl)ccc2=N1,0
COC(=O)[C@H]1[C@H]2C[C@@H]3c4[nH]c5cc(OC)ccc5c4CCN3C[C@H]2C[C@@H](OC(=O)C=Cc2cc(OC)c(OC)c(OC)c2)[C@@H]1OC,0
Cc1ccc(/C(=C\CN2CCCC2)c2cccc(/C=C/C(=O)O)n2)cc1,0
COC(=O)C1C2CC3c4[nH]c5cc(OC)ccc5c4CCN3CC2CC(OC(=O)c2cc(OC)c(OC)c(OC)c2)C1OC,0
CC(CCc1ccccc1)NC(C)C(O)c1ccc(O)cc1,0
CC[C@H](Nc1ncnc2nc[nH]c12)c1nc2cccc(F)c2c(=O)n1-c1ccccc1,0
CC1CN(C2CCC(C#N)(c3ccc(F)cc3)CC2)CCC1(C(=O)O)c1ccccc1,0
O=c1c(O)c(-c2ccc(O)c(O)c2)oc2cc(O)cc(O)c12,0
CC(C)OC(=O)CCC/C=C\C[C@@H]1[C@@H](CC[C@@H](O)CCc2ccccc2)[C@H](O)C[C@@H]1O,0
CN1CCCN=C1COC(=O)C(O)(c1ccccc1)C1CCCCC1,0
CCCC1OC2CC3C4CCC5=CC(=O)C=CC5(C)C4C(O)CC3(C)C2(C(=O)CO)O1,0
CC(C)[C@@]1(NC(=O)[C@@H]2C[C@@H]3c4cccc5[nH]cc(c45)C[C@H]3N(C)C2)O[C@@]2(O)[C@@H]3CCCN3C(=O)[C@H](Cc3ccccc3)N2C1=O,0
CNCCON=c1c2ccccc2ccc2ccccc12,0
COc1cc(C(=O)NS(=O)(=O)c2ccccc2C)ccc1Cc1cn(C)c2ccc(NC(=O)OC3CCCC3)cc12,0
O=P(O)(O)OC[C@H]1O[C@H](OP(=O)(O)OP(=O)(O)O)[C@H](O)[C@@H]1O,0
C[C@]12CC[C@@H]3c4ccc(OC(=O)c5ccccc5)cc4CC[C@H]3[C@@H]1CC[C@@H]2O,0
On1ccccc1=S,0
O=C(O)[C@@H]1C[C@@H](O)CN1,0
CCCCOCCOC(=O)c1cccnc1,0
CCCOc1ccc(S(=O)(=O)NCCC2CCCN2C)cc1-c1nc2c(CCC)nn(C)c2c(=O)[nH]1,0
COc1ccc(-n2nc(C(N)=O)c3c2C(=O)N(c2ccc(N4CCCCC4=O)cc2)CC3)cc1,0
C=C1CC[C@H]2[C@@H](/C=C(\C)C(=O)[C@@]3(OC(C)=O)C[C@H](C)[C@H](OC(=O)c4ccccc4)[C@@H]3[C@H]1OC(C)=O)C2(C)C,0
C[C@]12C=CC(=O)C=C1[C@@H](F)C[C@H]1[C@@H]3C[C@@H](O)[C@](O)(C(=O)CO)[C@@]3(C)C[C@H](O)[C@@]12F,0
COc1ccc(OC)c(C(O)CNC(=O)CN)c1,0
CCCCC[C@H](O)/C=C/[C@H]1[C@H](O)CC(=O)[C@@H]1C/C=C\CCCC(=O)O,0
CC(C)Cn1cnc2c(N)nc3ccccc3c21,0
Nc1ccc(C(=O)NCC(=O)O)cc1,0
COc1ccc2[nH]cc(CCNC(C)=O)c2c1,0
Oc1ccc(OCc2ccccc2)cc1,0
CCOc1ccc(Cc2cc([C@]34OC[C@](CO)(O3)[C@@H](O)[C@H](O)[C@H]4O)ccc2Cl)cc1,0
OCC(S)CS,0
Cc1[nH]cnc1CN1CCc2c(c3ccccc3n2C)C1=O,0
COc1ccc(Oc2cc(N(C)CCOc3ccc(CC4SC(=O)NC4=O)cc3)ncn2)cc1,0
CC=CC(=O)N(CC)c1ccccc1C,0
CC(=O)OCC(=O)[C@@]12OC3(CCCC3)O[C@@H]1C[C@H]1[C@@H]3CCC4=CC(=O)C=C[C@]4(C)[C@@]3(F)[C@@H](O)C[C@@]12C,0
Nc1ccncc1N,0
NCC(=O)CCC(=O)O,0
CC(=O)C1(O)CCC2C3CCC4=CC(=O)CCC4=C3C(c3ccc(N(C)C)cc3)CC21C,0
C=C1c2c(Cl)ccc(O)c2C(O)=C2C(=O)[C@]3(O)C(O)=C(C(N)=O)C(=O)[C@@H](N(C)C)[C@@H]3[C@@H](O)[C@H]12,0
C[C@H](CCC(=O)O)[C@H]1CC[C@H]2[C@@H]3C(=O)C[C@@H]4CC(=O)CC[C@]4(C)[C@H]3CC(=O)[C@]12C,0
N[C@H]1C(O)O[C@H](CO)[C@@H](O)[C@@H]1O,0
NCCCC(N)(C(=O)O)C(F)F,0
C[C@H]1C[C@H]2[C@@H]3C[C@H](F)C4=CC(=O)C=C[C@]4(C)[C@@]3(F)[C@@H](O)C[C@]2(C)[C@@]1(O)C(=O)CCl,0
CC(C)(C)NC[C@H](O)COc1ccccc1C1CCCC1,0
CC(=O)OC1COC(OC2CCC34CC35CCC3(C)C(C6(C)CCC(C(C)(C)O)O6)C(O)CC3(C)C5CC(OC3OC(CO)C(O)C(O)C3O)C4C2(C)C)C(OC(C)=O)C1OC(C)=O,0
CCCCNc1ccc(C(=O)OCCOCCOCCOCCOCCOCCOCCOCCOCCOC)cc1,0
CC12CCC3c4ccc(O)cc4CCC3C1CCC2O,0
CC(=O)CC(C)(C)n1cnc2c(N)ncnc21,0
CCCCCCC(C)(C)c1cc(O)c2c(c1)OC(C)(C)[C@@H]1CCC(=O)C[C@@H]21,0
CN1CCN(C(c2ccccc2)c2ccc(Cl)cc2)CC1,0
NC(C(=O)O)C(O)c1ccc(O)c(O)c1,0
CCOc1c(N)c2c(c(OCC)c1OCC)C(C1c3c(cc4c(c3OC)OCO4)CCN1C)OC2=O,0
CCCCOc1cc(C(=O)OCCN(CC)CC)ccc1N,0
OC[C@@H]1O[C@@](O)(CO)[C@H](O)[C@H]1O,0
COC(=O)C=CC(=O)O,0
OC(c1ccccc1)(c1ccccc1)C1CCCCN1,0
COc1c(OCCCN2CCOCC2)ccc2c3n(c(=NC(=O)c4cnc(N)nc4)nc12)CCN3,0
Clc1ccc(C(Cn2ccnc2)OCc2csc3c(Cl)cccc23)c(Cl)c1,0
O=CCC(O)C=O,0
C#C[C@]1(O)CC[C@H]2[C@@H]3CCC4=CC(=O)CC[C@@H]4[C@H]3C(=C)C[C@@]21CC,0
CC(=O)[C@@]1(O)CC[C@H]2[C@@H]3C=C(C)C4=CC(=O)CC[C@@H]4[C@H]3CC[C@@]21C,0
COc1ccc(O)cc1,0
Nc1ccncc1,0
CC(=O)[C@@]1(O)CC[C@H]2[C@@H]3CCC4=CC(=O)CC[C@]4(C)[C@H]3CC[C@@]21C,0
CCC(C)(C)c1ccc(CC(C)CN2CC(C)OC(C)C2)cc1,0
Cn1c(=O)c2[nH]c(Br)nc2n(C)c1=O,0
COc1ccccc1OCC(O)COC(N)=O,0
CC=CCC=CCCC(=O)[C@H]1O[C@H]1C(N)=O,0
CC(CCc1ccccc1)NCC(O)c1ccc(O)c(C(N)=O)c1,0
CCOc1ccccc1OCCN[C@H](C)Cc1ccc(OC)c(S(N)(=O)=O)c1,0
CC(=O)[C@H]1CC[C@H]2[C@@H]3C[C@H](C)C4=CC(=O)CC[C@]4(C)[C@H]3[C@@H](O)C[C@]12C,0
CN1c2ccccc2C(NCCCCCCC(=O)O)c2ccc(Cl)cc2S1(=O)=O,0
CN1CCC(=C2c3ccccc3C=Cc3ccccc32)CC1,0
CCCOC(=O)Cn1cc(I)c(=O)c(I)c1,0
CCCC(=O)OC1(C(=O)COC(C)=O)CCC2C3CC(F)C4=CC(=O)C=CC4(C)C3(F)C(O)CC21C,0
CCN(CC)CCOC(=O)C1(C2CCCCC2)CCCCC1,0
COC(=O)C1C2CC3c4[nH]c5cc(OC)ccc5c4CCN3CC2CC(OC(=O)C=Cc2cc(OC)c(OC)c(OC)c2)C1OC,0
CN1[C@@H]2CC[C@H]1CC(OC(c1ccccc1)c1ccccc1)C2,0
Cc1cc2c(OCC(CNC(C)(C)C)OC(=O)c3ccccc3)cccc2[nH]1,0
CNC(=O)c1ccc(N2C(=S)N(c3cnc(C#N)c(C(F)(F)F)c3)C(=O)C23CCC3)cc1F,0
CCCCCCC(=O)Oc1ccc2c(c1)CC[C@@H]1[C@@H]2CC[C@]2(C)[C@@H](OC(=O)CCCCCC)CC[C@@H]12,0
C=CC(=O)Nc1cccc(Oc2nc(Nc3ccc(N4CCN(C)CC4)cc3)nc3ccsc23)c1,0
C[C@@H](NCCCc1cccc(C(F)(F)F)c1)c1cccc2ccccc12,0
CC12CCC(=O)C=C1CCC1C2C(O)CC2(C)C1CCC2(O)C(=O)CO,0
CC1(C)C2CCC1(CS(=O)(=O)O)C(=O)C2=Cc1ccc(C=C2C(=O)C3(CS(=O)(=O)O)CCC2C3(C)C)cc1,0
CCO[C@H]1O[C@@H]2O[C@@]3(C)CC[C@H]4[C@H](C)CC[C@@H]([C@H]1C)[C@@]24OO3,0
CCOC(=O)O[C@]1(C(=O)COC(=O)CC)CC[C@H]2[C@@H]3CCC4=CC(=O)C=C[C@]4(C)[C@H]3[C@@H](O)C[C@@]21C,0
CCCC(=O)O[C@]1(C(=O)COC(C)=O)CC[C@H]2[C@@H]3C[C@H](F)C4=CC(=O)C=C[C@]4(C)[C@@]3(F)[C@@H](O)C[C@@]21C,0
CSCCC(N)C(=O)O,0
CN1CC2c3ccccc3Oc3ccc(Cl)cc3[C@@H]2C1,0
CCn1nc(C(=O)O)c(=O)c2cc3c(cc21)OCO3,0
CC(=O)O[C@H]1Cc2ccccc2N(C(N)=O)c2ccccc21,0
C[C@@](Cc1ccc(O)c(O)c1)(NN)C(=O)O,0
CCN(CC)CCOCCOC(=O)C1(c2ccccc2)CCCC1,0
CN[C@@H]1[C@H](O)[C@H](NC)[C@H]2O[C@@]3(O)C(=O)C[C@@H](C)O[C@H]3O[C@@H]2[C@H]1O,0
CN(C)CCc1c[nH]c2ccc(CS(=O)(=O)N3CCCC3)cc12,0
NCCCNCCSP(=O)(O)O,0
C=C1/C(=C\C=C2/CCC[C@]3(C)[C@@H]([C@H](C)/C=C/[C@@H](O)C4CC4)CC[C@@H]23)C[C@@H](O)C[C@@H]1O,0
O=C1c2c(O)cccc2Cc2cccc(O)c21,0
Cn1nnc(-c2ccc(-c3ccc(N4C[C@H](CO)OC4=O)cc3F)cn2)n1,0
N[C@@H](CC(=O)O)C(=O)O,0
CCCNS(=O)(=O)Nc1ncnc(OCCOc2ncc(Br)cn2)c1-c1ccc(Br)cc1,0
Nc1cc(Cl)c(NC2=NCCN2)c(Cl)c1,0
CCC(C(N)=O)N1CCCC1=O,0
CN1CCN(CC/C=C2/c3ccccc3Sc3ccc(S(=O)(=O)N(C)C)cc32)CC1,0
CC(C)OC(=O)CCC/C=C\C[C@@H]1[C@@H](/C=C/[C@@H](O)COc2cccc(C(F)(F)F)c2)[C@H](O)C[C@@H]1O,0
O=Cc1ccc(CO)n1CCc1ccccc1,0
CCOc1ccc(/C=C2\NCCc3cc(OCC)c(OCC)cc32)cc1OCC,0
O=C(CCCCC(=O)Nc1c(I)cc(I)c(C(=O)O)c1I)Nc1c(I)cc(I)c(C(=O)O)c1I,0
CC(C)[C@@H](C)/C=C/[C@@H](C)[C@H]1CC[C@H]2C3=CC=C4C[C@@H](O)CC[C@]4(C)[C@H]3CC[C@]12C,0
CC(=O)[C@H]1CC[C@H]2[C@@H]3CCC4=CC(=O)CC[C@]4(C)[C@H]3CC[C@]12C,0
C=C1C(=CC=C2CCCC3(C)C2CCC3C(C)CCCC(C)(C)O)CC(O)CC1O,0
C=CCN1CC[C@]23c4c5ccc(O)c4O[C@H]2[C@@H](OCCOCCOCCOCCOCCOCCOCCOC)CC[C@@]3(O)[C@H]1C5,0
CN1CCN(c2c(F)cc3c(=O)c(C(=O)O)cn(CCF)c3c2F)CC1,0
CC(C)(C)NCC(O)COc1cccc2c1C[C@H](O)[C@H](O)C2,0
CCCC1CC(C(=O)NC(C(C)O)C2OC(SC)C(O)C(O)C2O)N(C)C1,0
CC(=O)NC(CS)C(=O)O,0
COc1cc2nc(N(C)CCCNC(=O)C3CCCO3)nc(N)c2cc1OC,0
C[C@]12CCC(=O)C=C1CC[C@@H]1[C@@H]2C(=O)C[C@@]2(C)[C@H]1CC[C@]2(O)C(=O)CO,0
CCCCCC(O)C=CC1C(O)CC(O)C1CC=CCCCC(=O)O,0
CN1CCCCC1CCN1c2ccccc2Sc2ccc(S(C)=O)cc21,0
CC[C@]1(O)C[C@H]2CN(CCc3c([nH]c4ccccc34)[C@@](C(=O)OC)(c3cc4c(cc3OC)N(C)[C@H]3[C@@](O)(C(N)=O)[C@H](O)[C@]5(CC)C=CCN6CC[C@]43[C@@H]65)C2)C1,0
CC(=Cc1cccc(C(F)(F)F)c1)C(=O)NC1CC1,0
COC(=O)C1=CO[C@@H](O[C@@H]2O[C@H](CO)[C@@H](O)[C@H](O)[C@H]2O)[C@@H]2[C@@H](C)[C@@H](O)C[C@H]12,0
CC(C)N(CCCCOCC(=O)NS(C)(=O)=O)c1cnc(-c2ccccc2)c(-c2ccccc2)n1,0
CC(=O)O[C@]1(C(C)=O)CC[C@H]2[C@@H]3C=C(C)C4=CC(=O)CC[C@@H]4[C@H]3CC[C@@]21C,0
CCC(C)C(=O)OC1CC(C)C=C2C=CC(C)C(CCC3CC(O)CC(=O)O3)C21,0
OCc1cc([C@@H](O)CNCCCCCCOCCOCc2c(Cl)cccc2Cl)ccc1O,0
Nc1ccc(C(=O)O)c(O)c1,0
CN1c2c(nc(N)[nH]c2=O)NC[C@@H]1CNc1ccc(C(=O)N[C@@H](CCC(=O)O)C(=O)O)cc1,0
NC(=O)[C@@H]1CC[C@@H]2CN1C(=O)N2OS(=O)(=O)O,0
C[C@]12CC[C@@H]3c4ccc(O)cc4CC[C@H]3[C@@H]1C[C@@H](O)[C@@H]2O,0
C/C(=C\c1csc(C)n1)[C@@H]1C[C@@H]2O[C@]2(C)CCC[C@H](C)[C@H](O)[C@@H](C)C(=O)C(C)(C)[C@@H](O)CC(=O)N1,0
CC1C=CC=CCCC=CC=CC=CC=CC(OC2OC(C)C(O)C(N)C2O)CC2OC(O)(CC(O)C(O)CCC(O)CC(O)CC(O)CC(=O)OC(C)C(C)C1O)CC(O)C2C(=O)O,0
Nc1nc2c(c(=O)[nH]1)N(C=O)[C@@H](CNc1ccc(C(=O)N[C@@H](CCC(=O)O)C(=O)O)cc1)CN2,0
CNc1ccc(-c2nc3ccc(O)cc3s2)cc1F,0
O=C1CN=C(c2ccccc2Cl)c2cc(Cl)ccc2N1,0
CC1CNCCc2ccc(Cl)cc21,0
COc1cc(NC(C)CCCN)c2ncccc2c1,0
C[C@](N)(Cc1ccc(O)cc1)C(=O)O,0
CCCCc1nc(C)c(CC(=S)N(C)C)c(=O)n1Cc1ccc(-c2ccccc2-c2nn[nH]n2)cc1,0
O=C(NC1CCN(CCCCC2(C(=O)NCC(F)(F)F)c3ccccc3-c3ccccc32)CC1)c1ccccc1-c1ccc(C(F)(F)F)cc1,0
CC[C@@H](CO)NC(=O)[C@@H]1C=C2c3cccc4[nH]cc(c34)C[C@H]2N(C)C1,0
CN1C(CSCC(F)(F)F)Nc2cc(Cl)c(S(N)(=O)=O)cc2S1(=O)=O,0
C[C@@H](OC[C@@]1(c2ccccc2)CC[C@]2(CCC(=O)N2)CN1)c1cc(C(F)(F)F)cc(C(F)(F)F)c1,0
C[C@H](Cc1ccc(O)c(O)c1)[C@@H](C)Cc1ccc(O)c(O)c1,0
CC(CO)NC(=O)C1C=C2c3cccc4[nH]cc(c34)CC2N(C)C1,0
CC1(C)O[C@@H]2C[C@H]3C4CCC5=CC(=O)C=CC5(C)[C@H]4C(O)CC3(C)[C@]2(C(=O)CO)O1,0
CC(N)C12CC3CC(CC(C3)C1)C2,0
COc1c2ccoc2cc2oc(=O)ccc12,0
CN1C2CC(OC(=O)C(CO)c3ccccc3)CC1C1OC12,0
CC(CN1c2ccccc2Sc2cccnc21)N(C)C,0
CC(C)(C(=O)O)c1ccc(C(O)CCCN2CCC(C(O)(c3ccccc3)c3ccccc3)CC2)cc1,0
C/C=C1/CN(C)[C@@H]2Cc3c([nH]c4ccccc34)[C@@H](c3cc4[nH]c5c(c4cc3OC)CCN3C[C@H]4C[C@H](CC)[C@H]3[C@@]5(C(=O)OC)C4)C[C@@H]1C2C(=O)OC,0
CC(C)C[C@H](NC(=O)[C@H](Cc1ccccc1)NC(=O)c1cnccn1)B(O)O,1
CC(C)C[C@H](NC(=O)CNC(=O)c1cc(Cl)ccc1Cl)B(O)O,1
C#CCC(Cc1cnc2nc(N)nc(N)c2n1)c1ccc(C(=O)N[C@@H](CCC(=O)O)C(=O)O)cc1,1
C#CCN[C@@H]1CCc2ccccc21,1
C#CCOc1cc(-n2nc3n(c2=O)CCCC3)c(Cl)cc1Cl,1
N#CC(Br)Br,1
N#Cc1c(Cl)c(Cl)c(Cl)c(C#N)c1Cl,1
Cl/C=C/CCl,1
NC1=N[C@H](O)[C@H]2[C@H]3O[C@]4(O)O[C@@H]([C@@H](O)[C@@]2(N1)[C@@H]4O)[C@]3(O)CO,1
N[C@@H](CSCC(=O)O)C(=O)O,1
N[C@@H](CSCSC[C@H](N)C(=O)O)C(=O)O,1
OC[C@H]1O[C@H](O[C@]2(CCl)O[C@H](CCl)[C@@H](O)[C@@H]2O)[C@H](O)[C@@H](O)[C@H]1Cl,1
O=C(O)[C@@H]1O[Sb](=O)(O[Sb]2(=O)O[C@H]([C@H](O)CO)[C@H](O)[C@H](C(=O)O)O2)O[C@H]([C@H](O)CO)[C@@H]1O,1
OC[C@@H](O)[C@@H](O)[C@H](O)[C@H](O)CO,1
ClC=C(Cl)Cl,1
O=C(O)C(=O)O,1
NC(=O)NO,1
O=C(O)P(=O)(O)O,1
O=C(O)CN(CC(=O)O)CC(=O)O,1
O=C(O)CNCP(=O)(O)O,1
O=C(O)CO,1
Nc1c(Cl)c(F)nc(OCC(=O)O)c1Cl,1
OC(O)C(Cl)(Cl)Cl,1
OCC(O)CO,1
FC(F)(F)C(F)(F)C(F)(F)F,1
FC(F)(F)C(Cl)Br,1
FC(F)OC(Cl)C(F)(F)F,1
FC(F)OC(F)C(F)(F)F,1
FC(F)OC(F)(F)C(F)Cl,1
O=C(O)CC[Ge](=O)O[Ge](=O)CCC(=O)O,1
NC(=O)CC[C@H](N)C(=O)O,1
NCCCC(O)(P(=O)(O)O)P(=O)(O)O,1
O=CCCCC=O,1
NCCCCCC(=O)O,1
NCCCCCCCCCCC(=O)O,1
ClCCCl,1
O=CC(NC(=O)N(CCCl)N=O)C(O)C(O)C(O)CO,1
O=NN(CCCl)C(=O)NCCCl,1
O=P(OCCCl)(OCCCl)OCCCl,1
O=P(O)(O)CCCl,1
O=C(O)CN(CCN(CC(=O)O)CC(=O)O)CC(=O)O,1
NCCC(O)(P(=O)(O)O)P(=O)(O)O,1
NCCNCCNCCN,1
O=C(NCC(O)CO)c1c(I)c(C(=O)NCC(O)CO)c(I)c(N(CCO)C(=O)CO)c1I,1
OCCNCCO,1
OCCO,1
O=S(=O)(O)CCS,1
NCCS,1
FCOC(C(F)(F)F)C(F)(F)F,1
O=P(O)(O)C(Cl)(Cl)P(=O)(O)O,1
CO/N=C(/C(=O)OC)c1ccccc1CO/N=C(\C)c1cccc(C(F)(F)F)c1,1
C/C=C(\C)C(=O)OC1CCC2(C)C3CCC4C5(O)CC(O)C6(O)C(CN7CC(C)CCC7C6(C)O)C5(O)CC42OC13O,1
C/C=C1/C[C@@H](C)[C@@](C)(O)C(=O)OCC2=CCN3CC[C@@H](OC1=O)[C@@H]23,1
C[C@]1(Cn2ccnn2)[C@H](C(=O)O)N2C(=O)C[C@H]2S1(=O)=O,1
CN(C)[C@@H]1C(=O)C(C(N)=O)=C(O)[C@@]2(O)C(=O)C3=C(O)c4c(O)cccc4[C@@](C)(O)[C@H]3C[C@@H]12,1
CN1C[C@H](C(=O)N[C@]2(C)O[C@@]3(O)[C@@H]4CCCN4C(=O)[C@H](Cc4ccccc4)N3C2=O)C[C@@H]2c3cccc4[nH]cc(c34)C[C@H]21,1
CN1C[C@H](C(=O)N[C@]2(C)O[C@@]3(O)[C@@H]4CCCN4C(=O)[C@H](Cc4ccccc4)N3C2=O)C=C2c3cccc4[nH]cc(c34)C[C@H]21,1
COC(=O)[C@@]1(C)CC[C@]2(C(=O)O)CC[C@]3(C)C(=CC[C@@H]4[C@@]5(C)C[C@H](O)[C@H](O)[C@@](C)(CO)[C@@H]5CC[C@]43C)[C@@H]2C1,1
COC(=O)[C@@]1(C)CC[C@]2(C(=O)O)CC[C@]3(C)C(=CC[C@@H]4[C@@]5(C)C[C@H](O)[C@H](O[C@@H]6OC[C@@H](O)[C@H](O)[C@H]6O)[C@@](C)(CO)[C@@H]5CC[C@]43C)[C@@H]2C1,1
CN[C@@H]1[C@@H](O)[C@@H](O[C@@H]2[C@@H](O)[C@H](O[C@H]3O[C@H](CN)[C@@H](O)[C@H](O)[C@H]3O)[C@@H](N)C[C@H]2NC(=O)[C@@H](O)CN)OC[C@]1(C)O,1
CN[C@@H]1[C@@H](O)[C@@H](O[C@@H]2[C@@H](O)[C@H](O[C@H]3O[C@H](CN)CC[C@H]3N)[C@@H](N)C[C@H]2N)OC[C@]1(C)O,1
CNC[C@@H]1CC[C@@H](N)[C@@H](O[C@H]2[C@H](O)[C@@H](O[C@H]3OC[C@](C)(O)[C@H](NC)[C@H]3O)[C@H](N)C[C@@H]2N)O1,1
CN[C@@H]1[C@@H](O)[C@@H](O[C@@H]2[C@@H](O)[C@H](O[C@H]3OC(CN)=CC[C@H]3N)[C@@H](N)C[C@H]2N)OC[C@]1(C)O,1
CN[C@@H]1[C@@H](O)[C@@H](O[C@@H]2[C@@H](O)[C@H](O[C@H]3OC(CNCCO)=CC[C@H]3N)[C@@H](N)C[C@H]2NC(=O)[C@@H](O)CCN)OC[C@]1(C)O,1
C[C@@]12C(=O)OC(=O)[C@]1(C)[C@H]1CC[C@@H]2O1,1
C=C1CC[C@@H]2[C@](C)(CO)[C@H](O)CC[C@@]2(C)[C@@H]1C/C=C1/C(=O)OC[C@H]1O,1
CC1(C)O[C@H]2CC(=O)OC[C@]23[C@H]2CC[C@@]4(C)[C@H](c5ccoc5)OC(=O)[C@H]5O[C@]54[C@]2(C)C(=O)C[C@@H]13,1
CN[C@@H](C)[C@H](O)c1ccccc1,1
C[C@H](NCc1ccc(OCc2cccc(F)c2)cc1)C(N)=O,1
C[C@H](N[C@@H](CCc1ccccc1)C(=O)O)C(=O)N1[C@H](C(=O)O)C[C@@H]2CCC[C@@H]21,1
C[C@H](N[C@@H](CCc1ccccc1)C(=O)O)C(=O)N1[C@H](C(=O)O)C[C@H]2CCCC[C@@H]21,1
C[C@H](C(=O)O)c1cccc(C(=O)c2ccccc2)c1,1
CC(C)Cc1ccc([C@H](C)C(=O)O)cc1,1
COc1ccc2cc([C@H](C)C(=O)O)ccc2c1,1
C[C@H](C(=O)O)c1ccc2oc(-c3ccc(F)cc3)nc2c1,1
C[C@@H](c1ncncc1F)[C@](O)(Cn1cncn1)c1ccc(F)cc1F,1
CN[C@@H](C)Cc1ccccc1,1
COC(=O)N[C@@H](C)CNc1nccc(-c2cn(C(C)C)nc2-c2cc(Cl)cc(NS(C)(=O)=O)c2F)n1,1
CN[C@H]1[C@@H](O[C@@H]2C3CC#CC4O[C@@]4(C4COC(=O)O4)C#CC3=C[C@H]2OC(=O)c2c(O)ccc3c(C)cc(OC)cc23)O[C@H](C)[C@H](O)[C@@H]1O,1
C[C@H]1c2cccc(O)c2C(O)=C2C(=O)[C@]3(O)C(O)=C(C(N)=O)C(=O)[C@@H](N(C)C)[C@@H]3[C@@H](O)[C@@H]21,1
CC(C)[C@]12CC(=O)[C@H](C)[C@H]1C2,1
C[C@@H]1C[C@H]2[C@@H]3CCC4=CC(=O)C=C[C@]4(C)[C@@]3(F)[C@@H](O)C[C@]2(C)[C@@]1(O)C(=O)CO,1
COC1=CC(=O)C[C@@H](C)[C@]12Oc1c(Cl)c(OC)cc(OC)c1C2=O,1
C[C@@H]1CCN(C(=O)CC#N)C[C@@H]1N(C)c1ncnc2[nH]ccc12,1
C[C@@H]1CN(c2c(F)c(N)c3c(=O)c(C(=O)O)cn(C4CC4)c3c2F)C[C@H](C)N1,1
Cc1c(C(=O)Nc2ccc(N3C[C@@H](C)O[C@@H](C)C3)nc2)cccc1-c1ccc(OC(F)(F)F)cc1,1
CO[C@]12CC[C@@]3(C[C@@H]1[C@](C)(O)C(C)(C)C)[C@H]1Cc4ccc(O)c5c4[C@@]3(CCN1CC1CC1)[C@H]2O5,1
C[C@](N)(Cc1ccc(O)c(O)c1)C(=O)O,1
C[C@]12C=CC(=O)C=C1CC[C@H]1[C@@H]3C[C@@H](O)[C@](O)(C(=O)CO)[C@@]3(C)C[C@H](O)[C@@]12F,1
C[C@]12C=CC(=O)C=C1CC[C@@H]1[C@@H]2C(=O)C[C@@]2(C)[C@H]1CC[C@]2(O)C(=O)CO,1
CC1(C)[C@@H](O)CC[C@]2(C)[C@H]3C(=O)C=C4[C@@H]5C[C@@](C)(C(=O)O)CC[C@]5(C)CC[C@@]4(C)[C@]3(C)CC[C@@H]12,1
CC1(C)[C@@H](OC(=O)CCC(=O)O)CC[C@]2(C)[C@H]3C(=O)C=C4[C@@H]5C[C@@](C)(C(=O)O)CC[C@]5(C)CC[C@@]4(C)[C@]3(C)CC[C@@H]12,1
C[C@]12CC[C@@H]3c4ccc(OC(=O)N(CCCl)CCCl)cc4CC[C@H]3[C@@H]1CC[C@@H]2O,1
C[C@]12CC[C@H]3[C@@H](CCC4=CC(=O)CC[C@@]43C)[C@@H]1CC[C@@H]2O,1
COC(=O)[C@@H]1CC2=CC(=O)CC[C@]2(C)[C@@]23O[C@@H]2C[C@@]2(C)[C@@H](CC[C@@]24CCC(=O)O4)[C@H]13,1
C[C@]12CCC(=O)C=C1CC[C@@H]1[C@@H]2[C@@H](O)C[C@@]2(C)[C@H]1CC[C@]2(O)C(=O)CO,1
C[C@H](/C=C/[C@H](C)C(C)(C)O)[C@H]1CC[C@H]2/C(=C/C=C3C[C@@H](O)C[C@H](O)C3)CCC[C@]12C,1
CN[C@@H]1[C@@H](O)[C@@H](O[C@@H]2[C@@H](O)[C@H](O[C@H]3O[C@H]([C@@H](C)O)[C@@H](O)[C@H](O)[C@H]3N)[C@@H](N)C[C@H]2N)OC[C@]1(C)O,1
CC(=N)N1CC[C@H](SC2=C(C(=O)O)N3C(=O)[C@H]([C@@H](C)O)[C@H]3C2)C1,1
C[C@@H](O)[C@H]1C(=O)N2C(C(=O)O)=C(SCCN=CN)C[C@H]12,1
C[C@@H](NCCc1ccc(O)cc1)[C@@H](O)c1ccc(O)cc1,1
CC(=O)O[C@@H](C[C@@H](C)C1=C2C[C@H](O)[C@H]3[C@@]4(C)CCC(=O)C(C)(C)[C@@H]4CC[C@]3(C)[C@@]2(C)CC1=O)[C@H]1OC1(C)C,1
CC(=O)O[C@H]([C@@H](O)C[C@@H](C)C1=C2C[C@H](O)[C@H]3[C@@]4(C)CCC(=O)C(C)(C)[C@@H]4CC[C@]3(C)[C@@]2(C)CC1)C(C)(C)O,1
C[C@@H](Oc1cc(-c2cnn(C3CCNCC3)c2)cnc1N)c1c(Cl)ccc(F)c1Cl,1
C[C@@H](O[C@H]1OCCN(Cc2n[nH]c(=O)[nH]2)[C@H]1c1ccc(F)cc1)c1cc(C(F)(F)F)cc(C(F)(F)F)c1,1
C#CCN(C)[C@H](C)Cc1ccccc1,1
C[C@H](CCC(=O)O)[C@H]1CC[C@H]2[C@@H]3[C@@H](O)C[C@@H]4C[C@H](O)CC[C@]4(C)[C@H]3CC[C@]12C,1
C=C1/C(=C\C=C2/CCC[C@]3(C)[C@@H]([C@H](C)CCCC(C)(C)O)CC[C@@H]23)C[C@@H](O)[C@@H](OCCCO)[C@@H]1O,1
C=C1/C(=C\C=C2/CCC[C@]3(C)[C@@H]([C@H](C)CCCC(C)(C)O)CC[C@@H]23)C[C@@H](O)C[C@@H]1O,1
C=C1/C(=C\C=C2/CCC[C@]3(C)[C@@H]([C@H](C)CCCC(C)C)CC[C@@H]23)C[C@@H](O)C[C@@H]1O,1
C[C@H](CCCC(CO)CO)[C@H]1CC[C@H]2[C@@H]3[C@H](O)C[C@H]4C[C@H](O)CC[C@]4(C)[C@H]3C[C@H](O)[C@]12C,1
C[C@H](Cn1cnc2c(N)ncnc21)OCP(=O)(O)O,1
C[C@H](CS)C(=O)N1CCC[C@H]1C(=O)O,1
CN[C@@H]1[C@H](O[C@H]2[C@H](O[C@H]3[C@H](O)[C@@H](O)[C@H](N=C(N)N)[C@@H](O)[C@@H]3N=C(N)N)O[C@@H](C)[C@]2(O)C=O)O[C@@H](CO)[C@H](O)[C@H]1O,1
CN[C@@H]1[C@H](O[C@H]2[C@H](O[C@H]3[C@H](O)[C@@H](O)[C@H](N=C(N)N)[C@@H](O)[C@@H]3N=C(N)N)O[C@@H](C)[C@]2(O)CO)O[C@@H](CO)[C@H](O)[C@H]1O,1
C[C@H]1[C@H](NC(=O)/C(=N\OC(C)(C)C(=O)O)c2csc(N)n2)C(=O)N1S(=O)(=O)O,1
C[C@H]1[C@H](c2ccccc2)OCCN1C,1
CC(=O)O[C@H]1C[C@@]2(C)[C@@H](C[C@@H](O)[C@H]3[C@@]4(C)CC[C@@H](O)[C@@H](C)[C@@H]4CC[C@@]32C)/C1=C(\CCC=C(C)C)C(=O)O,1
COc1cccc2c1C(=O)c1c(O)c3c(c(O)c1C2=O)C[C@@](O)(C(C)=O)C[C@@H]3O[C@H]1C[C@H](N)[C@H](O)[C@H](C)O1,1
COc1cccc2c1C(=O)c1c(O)c3c(c(O)c1C2=O)C[C@@](O)(C(=O)CO)C[C@@H]3O[C@H]1C[C@H](N)[C@H](O)[C@H](C)O1,1
C[C@H]1C[C@H]2[C@@H]3CCC4=CC(=O)C=C[C@]4(C)[C@@]3(F)[C@@H](O)C[C@]2(C)[C@@]1(O)C(=O)CO,1
C[C@H]1COc2c(N3CCN(C)CC3)c(F)cc3c(=O)c(C(=O)O)cn1c23,1
C=C1C(CO)C(O)CC1n1cnc2c(=O)[nH]c(N)nc21,1
C=CC(N)CCC(=O)O,1
C=CC1=C(C(=O)O)N2C(=O)[C@@H](NC(=O)/C(=N/O)c3csc(N)n3)[C@H]2SC1,1
C=CC1=C(C(=O)O)N2C(=O)[C@@H](NC(=O)/C(=N/OCC(=O)O)c3csc(N)n3)[C@H]2SC1,1
C=CCOC(=O)c1ccccc1C(=O)OCC=C,1
C=CCOc1ccc(CC(=O)O)cc1Cl,1
Oc1c(Cl)c(Cl)c(Cl)c(Cl)c1Cl,1
Nc1c(Cl)c(Cl)nc(C(=O)O)c1Cl,1
ClC1=C(Cl)C(Cl)(Cl)C(Cl)=C1Cl,1
Nc1nc(N)nc(N)n1,1
O=c1[nH]c(=O)[nH]c(=O)[nH]1,1
ClC1C(Cl)C(Cl)C(Cl)C(Cl)C1Cl,1
O=C(O)C1C(C(=O)O)C2(Cl)C(Cl)=C(Cl)C1(Cl)C2(Cl)Cl,1
NC[C@H]1O[C@H](O[C@H]2[C@H](O)[C@@H](O[C@H]3O[C@H](CO)[C@@H](O)[C@H](N)[C@H]3O)[C@H](N)C[C@@H]2N)[C@H](N)[C@@H](O)[C@@H]1O,1
NC[C@H]1O[C@H](O[C@H]2[C@H](O)[C@@H](O[C@H]3O[C@H](CO)[C@@H](O)[C@H](N)[C@H]3O)[C@H](N)C[C@@H]2N)[C@H](N)C[C@@H]1O,1
NCC[C@H](O)C(=O)N[C@@H]1C[C@H](N)[C@@H](O[C@H]2O[C@H](CN)[C@@H](O)[C@H](O)[C@H]2O)[C@H](O)[C@H]1O[C@H]1O[C@H](CO)[C@@H](O)[C@H](N)[C@H]1O,1
Nc1nc(Cl)nc2c1ncn2[C@H]1C[C@H](O)[C@@H](CO)O1,1
OC[C@H]1O[C@@H](n2cnc3c2NC=NC[C@H]3O)C[C@@H]1O,1
NCCC[C@H](N)CC(=O)N[C@H]1CNC(=O)[C@H]([C@H]2C[C@H](O)N=C(N)N2)NC(=O)/C(=C/NC(N)=O)NC(=O)[C@H](CO)NC(=O)[C@H](CO)NC1=O,1
NC[C@H]1O[C@H](O[C@H]2[C@H](O)[C@@H](O)[C@H](N)C[C@@H]2N)[C@H](N)[C@@H](O)[C@@H]1O,1
NC[C@H]1O[C@H](O[C@H]2[C@H](O[C@@H]3O[C@H](CO)[C@@H](O)[C@H]3O)[C@@H](O)[C@H](N)C[C@@H]2N)[C@H](N)[C@@H](O)[C@@H]1O,1
NC[C@H]1O[C@H](O[C@H]2[C@H](O)[C@@H](O[C@H]3O[C@H](CO)[C@@H](O)[C@H](N)[C@H]3O)[C@H](N)C[C@@H]2N)[C@H](O)[C@@H](O)[C@@H]1O,1
Nc1nc(=O)n([C@@H]2CS[C@H](CO)O2)cc1F,1
Nc1ccn([C@@H]2CS[C@H](CO)O2)c(=O)n1,1
O=c1[nH]cc(F)c(=O)[nH]1,1
N#Cc1nn(-c2c(Cl)cc(C(F)(F)F)cc2Cl)c(N)c1S(=O)C(F)(F)F,1
NS(=O)(=O)c1cc(Cl)c(Cl)c(S(N)(=O)=O)c1,1
NC(=O)c1nc(F)c[nH]c1=O,1
NC(N)=Nc1nc(CSCCC(N)=NS(N)(=O)=O)cs1,1
NS(=O)(=O)c1cc2c(cc1Cl)NC=NS2(=O)=O,1
Nc1c(CC(=O)O)cccc1C(=O)c1ccc(Br)cc1,1
N#Cc1c(Cl)cccc1Cl,1
NC(N)=NC(=O)Cc1c(Cl)cccc1Cl,1
Nc1nnc(-c2cccc(Cl)c2Cl)c(N)n1,1
NC(=O)c1cn(Cc2c(F)cccc2F)nn1,1
NC[C@H](O)c1ccc(O)c(O)c1,1
N[C@@H](Cc1ccc(O)c(O)c1)C(=O)O,1
O=C(O)c1cc(-c2ccc(F)cc2F)ccc1O,1
Clc1ccc(COC(Cn2ccnc2)c2ccc(Cl)cc2Cl)c(Cl)c1,1
Oc1ccc(Cl)cc1Cl,1
Oc1cc(Cl)ccc1Oc1ccc(Cl)cc1Cl,1
OC(Cn1cncn1)(Cn1cncn1)c1ccc(F)cc1F,1
Nc1ccc(O)c(C(=O)O)c1,1
O=C(O)c1cc(N=Nc2ccc(O)c(C(=O)O)c2)ccc1O,1
N#Cc1c[nH]cc1-c1cccc2c1OC(F)(F)O2,1
NCCNc1ccc(NCCN)c2c1C(=O)c1ccncc1C2=O,1
O=C1c2c(O)ccc(O)c2C(=O)c2c(NCCNCCO)ccc(NCCNCCO)c21,1
O=C(O)c1cccnc1Nc1cccc(C(F)(F)F)c1,1
O=C1[C@H](CC[C@H](O)c2ccc(F)cc2)[C@@H](c2ccc(O)cc2)N1c1ccc(F)cc1,1
O=C1c2c(O)cc(O)cc2O[C@H](c2ccc(O)cc2)[C@@H]1[C@@H]1C(=O)c2c(O)cc(O)cc2O[C@H]1c1ccc(O)cc1,1
N#Cc1ccc(C(c2ccc(C#N)cc2)n2cncn2)cc1,1
N=C(N)c1ccc(OCCCCCOc2ccc(C(=N)N)cc2)cc1,1
O=C(O)CCNC(=O)c1ccc(N=Nc2ccc(O)c(C(=O)O)c2)cc1,1
OC(c1ccc(Cl)cc1)(c1ccc(Cl)cc1)C(Cl)(Cl)Cl,1
NCC(CC(=O)O)c1ccc(Cl)cc1,1
N[C@@H](Cc1ccc(N(CCCl)CCCl)cc1)C(=O)O,1
NS(=O)(=O)c1ccc(-n2nc(C(F)(F)F)cc2-c2ccc(Cl)cc2)cc1,1
O=c1c(-c2ccc(O)cc2)coc2c([C@@H]3O[C@H](CO)[C@@H](O)[C@H](O)[C@H]3O)c(O)ccc12,1
Nc1nc2[nH]cc(CCc3ccc(C(=O)N[C@@H](CCC(=O)O)C(=O)O)cc3)c2c(=O)[nH]1,1
Clc1ccc(Cl)cc1,1
Nc1ccc(N)cc1,1
Nc1ccc(S(=O)(=O)c2ccc(N)cc2)cc1,1
Nc1ccc(S(N)(=O)=O)cc1,1
O=C(O)c1cccnc1,1
O=P(O)(O)C(O)(Cc1cccnc1)P(=O)(O)O,1
Clc1cccc(C(Cl)(Cl)Cl)n1,1
FC(F)(F)c1ccc(OCCCOc2c(Cl)cc(OCC=C(Cl)Cl)cc2Cl)nc1,1
NC(=O)c1ccccc1O,1
O=C(O)c1ccccc1O,1
O=C(Oc1ccccc1C(=O)O)c1ccccc1O,1
O=C(OCC(O)CO)c1ccccc1Nc1ccnc2cc(Cl)ccc12,1
O=C(OCC(O)CO)c1ccccc1Nc1ccnc2c(C(F)(F)F)cccc12,1
O=C(OCCOCCO)c1ccccc1Nc1cccc(C(F)(F)F)c1,1
OC(c1ccc(Cl)cc1)(c1cncnc1)c1ccccc1Cl,1
Clc1ccc(C(c2ccccc2Cl)C(Cl)Cl)cc1,1
O=C(O)c1cccc(-c2noc(-c3ccccc3F)n2)c1,1
O=C1Nc2ccc(Cl)cc2C(c2ccccc2Cl)=NC1O,1
O=C(O)c1ccc(-n2nc(-c3ccccc3O)nc2-c2ccccc2O)cc1,1
Clc1ccccc1-c1nnc(-c2ccccc2Cl)nn1,1
O=C(O)Cc1ccccc1Nc1c(Cl)cccc1Cl,1
O=C(O)COC(=O)Cc1ccccc1Nc1c(Cl)cccc1Cl,1
Nc1nc(CC(=O)Nc2ccc(CCNC[C@H](O)c3ccccc3)cc2)cs1,1
NC(=O)Cc1cccc(C(=O)c2ccccc2)c1N,1
O=C(c1ccccc1)c1ccccc1,1
NC(=O)OCC(COC(N)=O)c1ccccc1,1
O=C1NC(=O)C(c2ccccc2)(c2ccccc2)N1,1
O=C(O)CCc1nc(-c2ccccc2)c(-c2ccccc2)o1,1
O=C(O)CCC(=O)c1ccc(-c2ccccc2)cc1,1
O=C(Cc1ccc(-c2ccccc2)cc1)Nc1ccccn1,1
O=C(O)Cc1ccc(-c2ccccc2)cc1,1
Oc1ccccc1-c1ccccc1,1
O=C(O)Cc1sc(-c2ccccc2)nc1-c1ccc(Cl)cc1,1
O=C1Nc2ccc(Cl)cc2C(c2ccccc2)=NC1O,1
Nc1nc(N)c2nc(-c3ccccc3)c(N)nc2n1,1
O=C1c2ccccc2C(=O)C1c1ccccc1,1
Oc1ccc(Cl)cc1Cc1ccccc1,1
O=C(O)CCCc1ccccc1,1
NC(N)=NC(N)=NCCc1ccccc1,1
NNCCc1ccccc1,1
O=C(O)COc1nn(Cc2ccccc2)c2ccccc12,1
Nc1ccc(N=Nc2ccccc2)c(N)n1,1
O=C1C(CCS(=O)c2ccccc2)C(=O)N(c2ccccc2)N1c1ccccc1,1
O=C(O)Cc1cn(-c2ccccc2)nc1-c1ccc(Cl)cc1,1
O=C(Nc1ccccc1)Nc1ccnc(Cl)c1,1
O=C(Nc1ccccc1)Nc1cnns1,1
O=C(NC(Cc1cc(=O)[nH]c2ccccc12)C(=O)O)c1ccc(Cl)cc1,1
N[C@@H](Cc1c[nH]c2ccccc12)C(=O)O,1
NS(=O)(=O)Cc1noc2ccccc12,1
NS(=O)(=O)c1cc(C2(O)NC(=O)c3ccccc32)ccc1Cl,1
O=C1OC(OC(=O)c2cccnc2Nc2cccc(C(F)(F)F)c2)c2ccccc21,1
O=c1ccc2ccccc2o1,1
NC(=O)N1c2ccccc2C=Cc2ccccc21,1
c1ccc2occc2c1,1
NNc1nncc2ccccc12,1
c1ccc2[nH]c(-c3cscn3)nc2c1,1
O=C(O)c1cc(N=Nc2ccc(S(=O)(=O)Nc3ccccn3)cc2)ccc1O,1
O=C(O)c1cc(O)c2c(c1)C(=O)c1cccc(O)c1C2=O,1
Nc1nc2ccc(OC(F)(F)F)cc2s1,1
Nc1ccn([C@@H]2O[C@H](CO)[C@@H](O)[C@@H]2O)c(=O)n1,1
Nc1ccn([C@@H]2O[C@H](CO)[C@@H](O)C2(F)F)c(=O)n1,1
Nc1ccn(C[C@@H](CO)OCP(=O)(O)O)c(=O)n1,1
O=P(O)(O)C(O)(Cn1ccnc1)P(=O)(O)O,1
NC(=O)c1cnccn1,1
Nc1ccc(S(=O)(=O)Nc2ncccn2)cc1,1
N#CCNC(=O)c1cnccc1C(F)(F)F,1
NNC(=O)c1ccncc1,1
O=Cc1ccco1,1
NS(=O)(=O)c1cc(C(=O)O)c(NCc2ccco2)cc1Cl,1
O=C(O)COc1ccc(C(=O)c2cccs2)c(Cl)c1Cl,1
NC(=O)n1c(O)c(C(=O)c2cccs2)c2cc(Cl)ccc21,1
Nc1ncnc2c1ncn2CCOCP(=O)(O)O,1
Nc1ncn([C@@H]2O[C@H](CO)[C@@H](O)[C@H]2O)c(=O)n1,1
NC(=O)c1ncn([C@@H]2O[C@H](CO)[C@@H](O)[C@H]2O)n1,1
Nc1nc(Cl)nc2c1ncn2[C@@H]1O[C@H](CO)[C@@H](O)[C@@H]1F,1
Nc1nc(F)nc2c1ncn2[C@@H]1O[C@H](CO)[C@@H](O)[C@@H]1O,1
Nc1nc2c(ncn2COC(CO)CO)c(=O)[nH]1,1
Nc1nc2c(ncn2COCCO)c(=O)[nH]1,1
O=c1[nH]cnc2[nH]ncc12,1
ClC1(Cl)C2(Cl)C3(Cl)C4(Cl)C(Cl)(Cl)C5(Cl)C3(Cl)C1(Cl)C5(Cl)C24Cl,1
O=C1OC(=O)c2c(Cl)c(Cl)c(Cl)c(Cl)c21,1
O=C(O)C1=C(CSc2nnnn2CS(=O)(=O)O)CS[C@@H]2[C@H](NC(=O)[C@H](O)c3ccccc3)C(=O)N12,1
O=C(Cn1cnnn1)N[C@@H]1C(=O)N2C(C(=O)O)=C(CSc3nncs3)CS[C@H]12,1
NCC1OC(OC2C(N)CC(N)C(OC3OC(CO)C(O)C(N)C3O)C2O)C(O)C(O)C1O,1
NCC1OC(OC2C(N)CC(N)C(OC3OC(CO)C(O)C(N)C3O)C2O)C(N)CC1O,1
NCCC(O)C(=O)NC1CC(N)C(OC2OC(CN)C(O)C(O)C2O)C(O)C1OC1OC(CO)C(O)C(N)C1O,1
NC1CC1c1ccccc1,1
Clc1ccc(C2(Cn3cncn3)CC(Br)CO2)c(Cl)c1,1
Nc1nc(N)nc(Nc2ccc([As]3SCC(CO)S3)cc2)n1,1
Nc1ccn([C@H]2CC[C@@H](CO)O2)c(=O)n1,1
O=c1[nH]cnc2c1ncn2[C@H]1CC[C@@H](CO)O1,1
O=C1CCC[C@@H]2[C@H]3CCCN4CCC[C@@H](CN12)[C@@H]34,1
NC[C@@H]1CC[C@@H](N)[C@@H](O[C@H]2[C@H](O)[C@@H](O[C@H]3O[C@H](CO)[C@@H](O)[C@H](N)[C@H]3O)[C@H](N)C[C@@H]2N)O1,1
NCC[C@H](O)C(=O)N[C@@H]1C[C@H](N)[C@@H](O[C@H]2O[C@H](CN)CC[C@H]2N)[C@H](O)[C@H]1O[C@H]1O[C@H](CO)[C@@H](O)[C@H](N)[C@H]1O,1
NC(=O)c1cccc2cn(-c3ccc([C@@H]4CCCNC4)cc3)nc12,1
NCCCC[C@H](N[C@@H](CCc1ccccc1)C(=O)O)C(=O)N1CCC[C@H]1C(=O)O,1
O=C1C2CC=CCC2C(=O)N1SC(Cl)(Cl)C(Cl)Cl,1
O=C1CN2Cc3c(ccc(Cl)c3Cl)N=C2N1,1
NC(=O)N1c2ccccc2CC(=O)c2ccccc21,1
O=S1OCC2C(CO1)C1(Cl)C(Cl)=C(Cl)C2(Cl)C1(Cl)Cl,1
NC12CC3CC(CC(C3)C1)C2,1
c1cnc2cc3c(cc2n1)C1CNCC3C1,1
O=C1CCC(N2C(=O)c3ccccc3C2=O)C(=O)N1,1
Nc1cccc2c1CN(C1CCC(=O)NC1=O)C2=O,1
O=C1CCc2ccc(OCCCCN3CCN(c4cccc(Cl)c4Cl)CC3)cc2N1,1
O=C1C(=O)c2ccccc2C(O)=C1C1CCC(c2ccc(Cl)cc2)CC1,1
O=c1[nH]c(=O)n(C2CCCO2)cc1F,1
O=C1[C@@H]2[C@H]3CC[C@H](C3)[C@@H]2C(=O)N1C[C@@H]1CCCC[C@H]1CN1CCN(c2nsc3ccccc23)CC1,1
O=C(O)C1(C(=O)Nc2ccc(Cl)cc2Cl)CC1,1
O=C1Nc2ccc(Cl)cc2[C@@](C#CC2CC2)(C(F)(F)F)O1,1
O=C(c1cc(Cc2n[nH]c(=O)c3ccccc23)ccc1F)N1CCN(C(=O)C2CC2)CC1,1
O=C(O)CSc1nnc(Br)n1-c1ccc(C2CC2)c2ccccc12,1
O=C(O)C[C@H](O)C[C@H](O)/C=C/c1c(C2CC2)nc2ccccc2c1-c1ccc(F)cc1,1
O=C1CN=C(c2ccccc2)c2cc(Cl)ccc2N1CC1CC1,1
O=C1CC[C@@]2(O)[C@H]3Cc4ccc(O)c5c4[C@@]2(CCN3CC2CC2)[C@H]1O5,1
O=C(O)c1cn(C2CC2)c2cc(N3CCNCC3)c(F)cc2c1=O,1
Nc1nc(NC2CC2)c2ncn([C@H]3C=C[C@@H](CO)C3)c2n1,1
OC(CNCC(O)C1CCc2cc(F)ccc2O1)C1CCc2cc(F)ccc2O1,1
c1ccc(C2(N3CCCCC3)CCCCC2)cc1,1
NCC1(CC(=O)O)CCCCC1,1
OC(CCN1CCCCC1)(c1ccccc1)C1CCCCC1,1
O=NN(CCCl)C(=O)NC1CCCCC1,1
Oc1ccc2c(c1)CC[C@H](c1ccccc1)[C@@H]2c1ccc(OCCN2CCCC2)cc1,1
N=c1nc(N2CCCCC2)cc(N)n1O,1
OCCN(CCO)c1nc(N2CCCCC2)c2nc(N(CCO)CCO)nc(N3CCCCC3)c2n1,1
OC(CCN1CCCCC1)(c1ccccc1)C1CC2C=CC1C2,1
OC(c1cc(C(F)(F)F)nc2c(C(F)(F)F)cccc12)C1CCCCN1,1
NS(=O)(=O)c1ccc(N2CCCCS2(=O)=O)cc1,1
NC(=O)C(c1ccccc1)(c1ccccc1)[C@@H]1CCN(CCc2ccc3c(c2)CCO3)C1,1
Clc1ccccc1CN1CCc2sccc2C1,1
O=C(CCCN1CCC(O)(c2ccc(Br)cc2)CC1)c1ccc(F)cc1,1
O=C(CCCN1CCC(O)(c2ccc(Cl)cc2)CC1)c1ccc(F)cc1,1
O=c1[nH]c2ccccc2n1CCCN1CCC(n2c(=O)[nH]c3cc(Cl)ccc32)CC1,1
O=c1[nH]c2ccccc2n1C1CCN(CCCC(c2ccc(F)cc2)c2ccc(F)cc2)CC1,1
Clc1ccc2c(c1)C(N1CCNCC1)=Nc1ccccc1O2,1
C(=C/c1ccccc1)\CN1CCN(C(c2ccccc2)c2ccccc2)CC1,1
OCCN1CCN(CC/C=C2/c3ccccc3Sc3ccc(C(F)(F)F)cc32)CC1,1
OCCN1CCN(CC/C=C2/c3ccccc3Sc3ccc(Cl)cc32)CC1,1
O=C(CN1CCN(Cc2ccc3c(c2)OCO3)CC1)N1c2ccccc2Sc2ccccc21,1
O=C1Cc2cc(CCN3CCN(c4nsc5ccccc45)CC3)c(Cl)cc2N1,1
OCCN1CCN(CCCN2c3ccccc3Sc3ccc(C(F)(F)F)cc32)CC1,1
OCCN1CCN(CCCN2c3ccccc3Sc3ccc(Cl)cc32)CC1,1
O=C(OCCN1CCN(c2cccc(C(F)(F)F)c2)CC1)c1ccccc1Nc1ccnc2cc(C(F)(F)F)ccc12,1
O=C(O)COCCN1CCN([C@H](c2ccccc2)c2ccc(Cl)cc2)CC1,1
O=C(O)COCCN1CCN(C(c2ccccc2)c2ccc(Cl)cc2)CC1,1
OCCOCCN1CCN(C(c2ccccc2)c2ccc(Cl)cc2)CC1,1
OCCOCCN1CCN(C2=Nc3ccccc3Sc3ccccc32)CC1,1
O=P1(NCCCl)OCCCN1CCCl,1
Clc1ccc2nsnc2c1NC1=NCCN1,1
S=P(N1CC1)(N1CC1)N1CC1,1
O=C(c1ccccc1)c1ccc2n1CCC2C(=O)O,1
O=c1c2ccccc2nc2n1CCc1c-2[nH]c2ccccc12,1
N[C@@H](CC(=O)N1CCn2c(nnc2C(F)(F)F)C1)Cc1cc(F)c(F)cc1F,1
O=C1CC=C2[C@H]3C[C@@H]4N(CC[C@@]45c4ccccc4N1[C@@H]25)C/C3=C/CO,1
O[C@H]1[C@H]2c3cc4c(cc3CN3CCC(=C[C@@H]1O)[C@H]23)OCO4,1
O=C1C[C@@H]2OCC=C3CN4CC[C@]56c7ccccc7N1[C@H]5[C@H]2[C@H]3C[C@H]46,1
O=C(O[C@H]1CN2CCC1CC2)N1CCc2ccccc2[C@@H]1c1ccccc1,1
Fc1ccc([C@@H]2CCNC[C@H]2COc2ccc3c(c2)OCO3)cc1,1
O=P1(N(CCCl)CCCl)NCCCO1,1
O=C(NC[C@H]1CN(c2ccc(N3CCOCC3=O)cc2)C(=O)O1)c1ccc(Cl)s1,1
O=C(OCCN1CCOCC1)c1cccnc1Nc1cccc(C(F)(F)F)c1,1
c1ccc([C@H]2CN3CCSC3=N2)cc1,1
C1N2CN3CN1CN(C2)C3,1
NS(=O)(=O)c1cc2c(cc1Cl)NCNS2(=O)=O,1
CC#C[C@]1(O)CC[C@H]2[C@@H]3CCC4=CC(=O)CCC4=C3[C@@H](c3ccc(N(C)C)cc3)C[C@@]21C,1
CC#CCC(C)[C@H](O)/C=C/[C@@H]1[C@H]2C/C(=C/CCCC(=O)O)C[C@H]2C[C@H]1O,1
C=C(C)[C@@H]1[C@H]2OC(=O)[C@@H]1[C@]1(O)[C@H]3O[C@H]3[C@]3(CO3)[C@]1(C)[C@@H]2O,1
CC(C)=CCC/C(C)=C/C=O,1
C=C[C@@](C)(/C=C/c1ccc(O)cc1)CCC=C(C)C,1
CC(C)=CCC1C(=O)N(c2ccccc2)N(c2ccccc2)C1=O,1
C=CC(=C)CCC=C(C)C,1
CSC(C)=NOC(=O)N(C)SN(C)C(=O)ON=C(C)SC,1
COc1cc(C(C)=O)ccc1OCCCN1CCC(c2noc3cc(F)ccc23)CC1,1
CC(=O)CC(c1ccccc1)c1c(O)c2ccccc2oc1=O,1
COc1ccc2cc(CCC(C)=O)ccc2c1,1
CC(=O)CCC1C(=O)N(c2ccccc2)N(c2ccccc2)C1=O,1
COC[C@@H](NC(C)=O)C(=O)NCc1ccccc1,1
COc1cc2c(c(OC)c1OC)-c1ccc(OC)c(=O)cc1[C@@H](NC(C)=O)CC2,1
CC(=O)N=c1sc(S(N)(=O)=O)nn1C,1
CC(=O)NC[C@H]1CN(c2ccc(N3CCOCC3)c(F)c2)C(=O)O1,1
CNC(=O)c1c(I)c(NC(C)=O)c(I)c(C(=O)O)c1I,1
CC(=O)Nc1ccc(O)cc1,1
CC(=O)Nc1ccc(OC(=O)c2ccccc2OC(C)=O)cc1,1
CC(=O)Nc1ccccc1,1
CC(=O)Nc1nnc(S(N)(=O)=O)s1,1
CC(=O)NC1C(O)OC(CO)C(O)C1O,1
CC(=O)NCCCS(=O)(=O)O,1
COc1ccc([C@@H]2Sc3ccccc3N(CCN(C)C)C(=O)[C@@H]2OC(C)=O)cc1,1
CC(=O)Oc1ccc2c3c1O[C@H]1[C@@H](OC(C)=O)C=C[C@H]4[C@@H](C2)N(C)CC[C@@]341,1
CC(=O)Oc1ccccc1C(=O)O,1
COc1ccccc1OC(=O)c1ccccc1OC(C)=O,1
CC(=O)Oc1cc2c(s1)CCN(C(C(=O)C1CC1)c1ccccc1F)C2,1
CC(=O)OCC1=C(C(=O)O)N2C(=O)[C@@H](NC(=O)[C@H](N)c3ccccc3)[C@H]2SC1,1
CC(=O)OCC1=C(C(=O)O)N2C(=O)[C@@H](NC(=O)CC#N)[C@H]2SC1,1
CC(=O)OCC1=C(C(=O)O)N2C(=O)[C@@H](NC(=O)Cc3cccs3)[C@H]2SC1,1
CC(=O)OCC1=C(C(=O)O)N2C(=O)[C@@H](NC(=O)CSc3ccncc3)[C@H]2SC1,1
CC(=O)S[C@@H]1CC2=CC(=O)CC[C@]2(C)[C@H]2CC[C@@]3(C)[C@@H](CC[C@@]34CCC(=O)O4)[C@H]12,1
CC(NC(C)(C)C)C(=O)c1cccc(Cl)c1,1
CC(S)C(=O)NCC(=O)O,1
CC(Oc1ccc(Cl)cc1Cl)C(=O)O,1
COC(=O)C(C)Oc1ccc(Oc2ccc(Cl)cc2Cl)cc1,1
CC(O)C(C)(C)C,1
CC(N)C(O)c1ccccc1,1
CNC(C)C(O)c1ccccc1,1
CC(C)(S)[C@@H](N)C(=O)O,1
CC(C)(O[C@@H]1O[C@H](CO)[C@@H](O)[C@H](O)[C@H]1O)[C@H]1Cc2cc3ccc(=O)oc3cc2O1,1
CC(C)(S)C(=O)N[C@@H](CS)C(=O)O,1
CC(C)(Oc1ccc(C(=O)c2ccc(Cl)cc2)cc1)C(=O)O,1
CC(C)(Oc1ccc(C2CC2(Cl)Cl)cc1)C(=O)O,1
CC(C)(Oc1ccc(CCNC(=O)c2ccc(Cl)cc2)cc1)C(=O)O,1
CC(C)(C)C(O)C(=Cc1ccc(Cl)cc1Cl)n1cncn1,1
CC(C)(C)c1ccc(C(=O)O)cc1,1
COc1ccccc1Oc1c(NS(=O)(=O)c2ccc(C(C)(C)C)cc2)nc(-c2ncccn2)nc1OCCO,1
CC(C)(C)c1nc(-c2cccc(NS(=O)(=O)c3c(F)cccc3F)c2F)c(-c2ccnc(N)n2)s1,1
CSc1nnc(C(C)(C)C)c(=O)n1N,1
CC(C)(C)NC(=O)[C@@H]1C[C@@H]2CCCC[C@@H]2CN1C[C@@H](O)[C@H](Cc1ccccc1)NC(=O)[C@H](CC(N)=O)NC(=O)c1ccc2ccccc2n1,1
CC(C)(C)NC(=O)[C@@H]1CN(Cc2cccnc2)CCN1C[C@@H](O)C[C@@H](Cc1ccccc1)C(=O)N[C@H]1c2ccccc2C[C@H]1O,1
CN(C)c1cc(NC(=O)CNC(C)(C)C)c(O)c2c1C[C@H]1C[C@H]3[C@H](N(C)C)C(=O)C(C(N)=O)=C(O)[C@@]3(O)C(=O)C1=C2O,1
CC(C)(C)NCC(O)c1cc(O)cc(O)c1,1
CC(C)(NC(=O)NCc1ccccc1Cl)c1ccccc1,1
CC(C)(O)c1ccccc1CC[C@@H](SCC1(CC(=O)O)CC1)c1cccc(/C=C/c2ccc3ccc(Cl)cc3n2)c1,1
CC(C)(N)Cc1ccccc1,1
CC(C)[C@]12O[C@H]1[C@@H]1O[C@]13[C@]1(O[C@H]1C[C@H]1C4=C(CC[C@@]13C)C(=O)OC4)[C@@H]2O,1
CC(=O)S[C@H](C(=O)N[C@H]1Cc2ccccc2[C@H]2CCC[C@@H](C(=O)O)N2C1=O)C(C)C,1
CC(C)[C@H](Nc1ccc(C(F)(F)F)cc1Cl)C(=O)OC(C#N)c1cccc(Oc2ccccc2)c1,1
CC(C)[C@H](N)C(=O)OCC(CO)OCn1cnc2c(=O)[nH]c(N)nc21,1
CC(C)[C@H](N)C(=O)OCCOCn1cnc2c(=O)[nH]c(N)nc21,1
COCCCOc1cc(C[C@@H](C[C@H](N)[C@@H](O)C[C@H](C(=O)NCC(C)(C)C(N)=O)C(C)C)C(C)C)ccc1OC,1
COc1ccc(CCN(C)CCCC(C#N)(c2ccc(OC)c(OC)c2)C(C)C)cc1OC,1
CC(C)C[C@H](CN)CC(=O)O,1
COCc1c(C(C)C)nc(C(C)C)c(/C=C/[C@@H](O)C[C@@H](O)CC(=O)O)c1-c1ccc(F)cc1,1
CC(C)c1cccc(C(C)C)c1O,1
CC(C)c1nc(N(C)S(C)(=O)=O)nc(-c2ccc(F)cc2)c1/C=C/[C@@H](O)C[C@@H](O)CC(=O)O,1
CC(C)CC(N(C)C)C1(c2ccc(Cl)cc2)CCC1,1
COC(=O)c1c(C(F)F)nc(C(F)(F)F)c(C2=NCCS2)c1CC(C)C,1
CSC(=O)c1c(C(F)F)nc(C(F)(F)F)c(C(=O)SC)c1CC(C)C,1
CC(C)Cc1ccc(C(C)C(=O)NO)cc1,1
CC(C)Cc1ccc(C(C)C(=O)O)cc1,1
CC(C)CN(C[C@@H](O)[C@H](Cc1ccccc1)NC(=O)O[C@H]1CO[C@H]2OCC[C@H]21)S(=O)(=O)c1ccc(N)cc1,1
CC(C)CN(CC(O)C(Cc1ccccc1)NC(=O)OC1CCOC1)S(=O)(=O)c1ccc(N)cc1,1
CC(C)N(C(=O)COc1nnc(C(F)(F)F)s1)c1ccc(F)cc1,1
CC(C)N(C(=O)CCl)c1ccccc1,1
CC(C)N(CCC(C(N)=O)(c1ccccc1)c1ccccn1)C(C)C,1
CC(C)n1c(/C=C/[C@@H](O)C[C@@H](O)CC(=O)O)c(-c2ccc(F)cc2)c2ccccc21,1
CC(C)Nc1cccnc1N1CCN(C(=O)c2cc3cc(NS(C)(=O)=O)ccc3[nH]2)CC1,1
COc1nc(NC(C)C)nc(NC(C)C)n1,1
CSc1nc(NC(C)C)nc(NC(C)C)n1,1
CC(C)NCC(O)COc1ccc(CC(N)=O)cc1,1
COC(=O)CCc1ccc(OCC(O)CNC(C)C)cc1,1
C=CCOc1ccccc1OCC(O)CNC(C)C,1
CC(C)NCC(O)COc1cccc2[nH]ccc12,1
CC(C)NCC(O)COc1cccc2ccccc12,1
CC(C)OC(=O)C(C)(C)Oc1ccc(C(=O)c2ccc(Cl)cc2)cc1,1
CC(C(=O)O)c1ccc(-c2ccccc2)c(F)c1,1
CC(C(=O)O)c1ccc(N2CC=CC2)c(Cl)c1,1
CC(C(=O)O)c1cccc(C(=O)c2ccccc2)c1,1
CC(C(=O)O)c1cccc(Oc2ccccc2)c1,1
CC(C(=O)O)c1ccc(C(=O)c2cccs2)cc1,1
CC(C(=O)O)c1ccc(CC2CCCC2=O)cc1,1
CC(C(=O)O)c1ccc(N2Cc3ccccc3C2=O)cc1,1
C=C(C)CNc1ccc(C(C)C(=O)O)cc1,1
CC(C(=O)O)c1ccc(C(=O)c2ccccc2)s1,1
CN(C)CCOC(C)(c1ccccc1)c1ccccn1,1
CC(C(=O)O)c1ccc2c(c1)[nH]c1ccc(Cl)cc12,1
CC(C(=O)O)c1ccc2oc(-c3ccc(Cl)cc3)nc2c1,1
CC(C(=O)O)c1ccc2c(c1)Cc1cccnc1O2,1
CC(C(=O)O)c1ccc2c(c1)CC(=O)c1ccccc1S2,1
CC(N)Cc1ccccc1,1
CC(Cc1ccccc1)N(C)Cc1ccccc1,1
CNC(C)Cc1ccc2c(c1)OCO2,1
CC(CN(C)C)CN1c2ccccc2S(=O)(=O)c2ccccc21,1
CC(CN(C)C)CN1c2ccccc2Sc2ccc(C#N)cc21,1
CC(CN(C)C)CN1c2ccccc2Sc2ccccc21,1
CC(CN1c2ccccc2Sc2ccccc21)N(C)C,1
CC/C(=C(\c1ccccc1)c1ccc(OCCN(C)C)cc1)c1ccccc1,1
CC/C=C\C/C=C\C/C=C\C/C=C\C/C=C\CCCC(=O)O,1
CC[C@]1(O)C[C@@H]2CN(CCc3c([nH]c4ccccc34)[C@@](C(=O)OC)(c3cc4c(cc3OC)N(C)[C@H]3[C@@](O)(C(=O)OC)[C@H](OC(C)=O)[C@]5(CC)C=CCN6CC[C@]43[C@@H]65)C2)C1,1
CC[C@]1(O)C[C@@H]2CN(CCc3c([nH]c4ccccc34)[C@@](C(=O)OC)(c3cc4c(cc3OC)N(C=O)[C@H]3[C@@](O)(C(=O)OC)[C@H](OC(C)=O)[C@]5(CC)C=CCN6CC[C@]43[C@@H]65)C2)C1,1
CC[C@@]1(O)C(=O)OCc2c1cc1n(c2=O)Cc2cc3c(CN(C)C)c(O)ccc3nc2-1,1
CC[C@@H](C(N)=O)N1CCCC1=O,1
CC[C@@H](CO)NCCN[C@@H](CC)CO,1
CC[C@H](C)C(=O)O[C@H]1C[C@H](O)C=C2C=C[C@H](C)[C@H](CC[C@@H](O)C[C@@H](O)CC(=O)O)[C@H]21,1
CC[C@H](C)C(=O)O[C@H]1C[C@@H](C)C=C2C=C[C@H](C)[C@H](CC[C@@H]3C[C@@H](O)CC(=O)O3)[C@H]21,1
CC[C@H]1[C@@H]2C[C@H]3[C@@H]4N(C)c5ccccc5[C@]45C[C@@H]([C@H]2[C@H]5O)N3[C@@H]1O,1
CC=CC1=C(C(=O)O)N2C(=O)[C@@H](NC(=O)[C@H](N)c3ccc(O)cc3)[C@H]2SC1,1
CC1(C)S[C@@H]2[C@H](NC(=O)[C@H](N)c3ccc(O)cc3)C(=O)N2[C@H]1C(=O)O,1
CC1(C)S[C@@H]2[C@H](NC(=O)[C@H](N)c3ccccc3)C(=O)N2[C@H]1C(=O)O,1
CC1(C)S[C@@H]2[C@H](NC(=O)C(C(=O)O)c3ccccc3)C(=O)N2[C@H]1C(=O)O,1
CC1(C)S[C@@H]2[C@H](NC(=O)Cc3ccccc3)C(=O)N2[C@H]1C(=O)O,1
CC1(C)S[C@@H]2[C@H](NC(=O)COc3ccccc3)C(=O)N2[C@H]1C(=O)O,1
CC1(C)OC(=O)C(OCC2CC2)=C1c1ccc(S(C)(=O)=O)cc1,1
CN1C(=O)OC(C)(C)C1=O,1
C=CC1(C)OC(=O)N(c2cc(Cl)cc(Cl)c2)C1=O,1
CC1(C)C(C=C(Cl)Cl)C1C(=O)OC(C#N)c1ccc(F)c(Oc2ccccc2)c1,1
CC1(C)C(C=C(Cl)Cl)C1C(=O)OCc1cccc(Oc2ccccc2)c1,1
CC1(C)SC2C(NC(=O)Cc3ccccc3)C(=O)N2C1C(=O)O,1
CC12CCC(CC1)C(C)(C)O2,1
CC1(C)O[C@@H]2[C@@H](CO[C@@]3(COS(N)(=O)=O)OC(C)(C)O[C@@H]23)O1,1
CC1(C)OC[C@@H](COC(=O)CCc2ccc(OC[C@@H](O)CNCCNC(=O)N3CCOCC3)cc2)O1,1
Cc1ccc(Cl)c(Nc2ccccc2C(=O)O)c1Cl,1
Cc1cccc([C@H](C)c2cnc[nH]2)c1C,1
COc1ccccc1OCC(O)CN1CCN(CC(=O)Nc2c(C)cccc2C)CC1,1
Cc1cccc(C)c1OCC(=O)N[C@@H](Cc1ccccc1)[C@@H](O)C[C@H](Cc1ccccc1)NC(=O)[C@H](C(C)C)N1CCCNC1=O,1
Cc1nc(Nc2ncc(C(=O)Nc3c(C)cccc3Cl)s2)cc(N2CCN(CCO)CC2)n1,1
Cc1cccc(Nc2ccccc2C(=O)O)c1C,1
Cc1onc(-c2ccccc2)c1-c1ccc(S(N)(=O)=O)cc1,1
COC1=C(OC)C(=O)C(CCCCCCCCCCO)=C(C)C1=O,1
C=CCC1=C(C)[C@@H](OC(=O)C2C(C=C(C)C)C2(C)C)CC1=O,1
Cc1c(O)c(=O)ccn1C,1
CO[C@@]12[C@H](COC(N)=O)C3=C(C(=O)C(C)=C(N)C3=O)N1C[C@@H]1N[C@@H]12,1
CC(=O)c1c(C)c2cnc(Nc3ccc(N4CCNCC4)cn3)nc2n(C2CCCC2)c1=O,1
Cc1c(C(C)C)c(=O)n(-c2ccccc2)n1C,1
Cc1c(N(C)C)c(=O)n(-c2ccccc2)n1C,1
Cc1c(N(C)CS(=O)(=O)O)c(=O)n(-c2ccccc2)n1C,1
CNc1c(C)n(C)n(-c2ccccc2)c1=O,1
Cc1c(NC(=O)c2cccnc2)c(=O)n(-c2ccccc2)n1C,1
Cc1nc2n(c(=O)c1CCN1CCC(c3noc4cc(F)ccc34)CC1)CCCC2O,1
Cc1nc2n(c(=O)c1CCN1CCC(c3noc4cc(F)ccc34)CC1)CCCC2,1
COC(=O)C1=C(C)NC(C)=C(C(=O)OC(C)C)C1c1cccc2nonc12,1
CC1=C(/C=C/C(C)=C/C=C/C(C)=C/C(=O)O)C(C)(C)CCC1,1
CC1=C(/C=C/C(C)=C/C=C/C(C)=C\C(=O)O)C(C)(C)CCC1,1
CC(C=CC1=C(C)CCCC1(C)C)=CC=CC(C)=CC(=O)O,1
Cc1cn(-c2cc(NC(=O)c3ccc(C)c(Nc4nccc(-c5cccnc5)n4)c3)cc(C(F)(F)F)c2)cn1,1
Cc1ccc(NC(=O)c2ccc(CN3CCN(C)CC3)cc2)cc1Nc1nccc(-c2cccnc2)n1,1
Cc1ccc(Nc2nccc(N(C)c3ccc4c(C)n(C)nc4c3)n2)cc1S(N)(=O)=O,1
Cc1cc(Cl)ccc1OCC(=O)O,1
COP(=S)(OC)Oc1ccc(SC)c(C)c1,1
Cc1c(Cl)cccc1Nc1ncccc1C(=O)O,1
Cc1c(Cl)cccc1Nc1ccccc1C(=O)O,1
Cc1c(Nc2ncccc2C(=O)O)cccc1C(F)(F)F,1
Cc1c(OCC(F)(F)F)ccnc1C[S@@](=O)c1nc2ccccc2[nH]1,1
Cc1c(OCC(F)(F)F)ccnc1CS(=O)c1nc2ccccc2[nH]1,1
COCCCOc1ccnc(CS(=O)c2nc3ccccc3[nH]2)c1C,1
Cc1oncc1C(=O)Nc1ccc(C(F)(F)F)cc1,1
CC1=C(CC(=O)O)c2cc(F)ccc2C1=Cc1ccc(S(C)=O)cc1,1
COc1ccc2c(c1)c(CC(=O)O)c(C)n2C(=O)c1ccc(Cl)cc1,1
COc1ccc2c(c1)c(CC(=O)OCC(=O)O)c(C)n2C(=O)c1ccc(Cl)cc1,1
COc1ccc2c(C(=O)c3ccc(Cl)cc3)c(C)n(CC(=O)O)c2c1,1
Cc1[nH]c2ccccc2c1CCNCc1ccc(/C=C/C(=O)NO)cc1,1
Cc1cc(CC(=O)O)n(C)c1C(=O)c1ccc(Cl)cc1,1
CC1=C(C(=O)O)N[C@H]([C@H](NC(=O)Cc2cccs2)C(=O)O)SC1,1
CN=C(NC#N)NCCSCc1nc[nH]c1C,1
CC1=C(C(=O)O)N2C(=O)[C@@H](NC(=O)[C@H](N)c3ccc(O)cc3)[C@H]2SC1,1
CC1=C(C(=O)O)N2C(=O)[C@@H](NC(=O)[C@H](N)c3ccccc3)[C@H]2SC1,1
CC1=C(C(=O)O)N2C(=O)[C@@H](NC(=O)[C@H](N)C3=CCC=CC3)[C@H]2SC1,1
CC1=C(C(=O)O)N2C(=O)C(NC(=O)C(N)c3ccc(O)cc3)C2SC1,1
CSc1ccc(C(=O)c2[nH]c(=O)[nH]c2C)cc1,1
CC(=O)N(c1onc(C)c1C)S(=O)(=O)c1ccc(N)cc1,1
Cc1noc(NS(=O)(=O)c2ccc(N)cc2)c1C,1
Cc1nc(-c2ccc(OCC(C)C)c(C#N)c2)sc1C(=O)O,1
Cc1ccsc1C(=CCCN1CCC[C@@H](C(=O)O)C1)c1sccc1C,1
CC1=C(C(=O)Nc2ccccc2)SCCO1,1
CC(=O)Nc1cccc(-n2c(=O)n(C3CC3)c(=O)c3c(Nc4ccc(I)cc4F)n(C)c(=O)c(C)c32)c1,1
Cc1ccnc2c1NC(=O)c1cccnc1N2C1CC1,1
Cc1ccc(C)c(OCCCC(C)(C)C(=O)O)c1,1
Cc1ccc(Nc2c(F)cccc2Cl)c(CC(=O)O)c1,1
Cc1ccc(O)c([C@H](CCN(C(C)C)C(C)C)c2ccccc2)c1,1
Cc1cc(Nc2ncc(Cl)c(Nc3ccccc3S(=O)(=O)C(C)C)n2)c(OC(C)C)cc1C1CCNCC1,1
Cc1cc(/C=C/C#N)cc(C)c1Nc1ccnc(Nc2ccc(C#N)cc2)n1,1
Cc1cc(C#N)cc(C)c1Oc1nc(Nc2ccc(C#N)cc2)nc(N)c1Br,1
Cc1cccc(Nc2ccncc2S(=O)(=O)NC(=O)NC(C)C)c1,1
COc1cc(C)nc(-n2nc(C)cc2OC)n1,1
Cc1cc(C)nc(NC(=O)NS(=O)(=O)c2ccccc2C(=O)OC2COC2)n1,1
Cc1cc(C2CC2)nc(Nc2ccccc2)n1,1
Cc1cc(NC(=O)C2=C(O)c3ccccc3S(=O)(=O)N2C)no1,1
COc1cc2nccc(Oc3ccc(NC(=O)Nc4cc(C)on4)c(Cl)c3)c2cc1OC,1
Cc1cc(NS(=O)(=O)c2ccc(N)cc2)no1,1
CC1=CC(=O)c2c(O)cccc2C1=O,1
CC1=CC(=O)CC(C)(C)C1,1
Cc1cc(=O)n(-c2ccccc2)n1C,1
CC1=CC(=O)O[C@@]2(C1)C[C@H]1CC[C@@H]2CN1C,1
C=C(C)[C@H]1CC=C(C)CC1,1
Cc1ccc(C(=O)C(C)CN2CCCCC2)cc1,1
Cc1ccc(C(=O)c2ccc(CC(=O)O)n2C)cc1,1
Cc1ccc(-c2nc3ccc(C)cn3c2CC(=O)N(C)C)cc1,1
Cc1ccc(-c2cc(C(F)(F)F)nn2-c2ccc(S(N)(=O)=O)cc2)cc1,1
Cc1ccc(S(=O)(=O)C(I)I)cc1,1
Cc1ccc(S(=O)(=O)NC(=O)NN2C[C@H]3CCC[C@H]3C2)cc1,1
Cc1ccccc1COC1CC2(C(C)C)CCC1(C)O2,1
CNCC[C@@H](Oc1ccccc1C)c1ccccc1,1
CO/N=C(/C(=O)OC)c1ccccc1COc1ccccc1C,1
COc1cc2c(cc1O)CCN[C@]21CS[C@@H]2c3c(OC(C)=O)c(C)c4c(c3[C@H](COC1=O)N1[C@@H]2[C@H]2c3c(cc(C)c(OC)c3O)C[C@@H]([C@@H]1O)N2C)OCO4,1
Cc1cc2c(C(C)C)c(O)c(O)c(C=O)c2c(O)c1-c1c(C)cc2c(C(C)C)c(O)c(O)c(C=O)c2c1O,1
COc1cc(O)c2c(c1)C(=O)c1cc(C)cc(O)c1C2=O,1
Cc1ccc2c(-c3ccccc3)nc(=O)n(C(C)C)c2c1,1
C=C(c1ccc(C(=O)O)cc1)c1cc2c(cc1C)C(C)(C)CCC2(C)C,1
Cc1cc2cc(Oc3ccnc(Nc4cccc(CS(=O)(=O)NCCN(C)C)c4)n3)ccc2[nH]1,1
COc1cc2c(Oc3ccc4[nH]c(C)cc4c3F)ncnc2cc1OCCCN1CCCC1,1
Cc1cc2c(F)c(Oc3ncnn4cc(OC[C@@H](C)O)c(C)c34)ccc2[nH]1,1
Cc1cc2c(s1)Nc1ccccc1N=C2N1CCN(C)CC1,1
Cc1cn([C@@H]2C[C@@H](O)[C@H](CO)O2)c(=O)[nH]c1=O,1
Cc1cn([C@H]2C=C[C@@H](CO)O2)c(=O)[nH]c1=O,1
COc1ccc2nc([S@](=O)Cc3ncc(C)c(OC)c3C)[nH]c2c1,1
COc1ccc2nc([S@@](=O)Cc3ncc(C)c(OC)c3C)[nH]c2c1,1
Cc1cnc(NS(=O)(=O)c2ccc(N)cc2)nc1,1
Cc1cnc(NC(=O)C2=C(O)c3ccccc3S(=O)(=O)N2C)s1,1
COCC(C)N(C(=O)CCl)c1c(C)csc1C,1
COc1nc(C)nc(NC(=O)NS(=O)(=O)c2ccccc2CCC(F)(F)F)n1,1
COc1nc(C)nc(NC(=O)NS(=O)(=O)c2ccccc2OCCCl)n1,1
Cc1ncc(COP(=O)(O)O)c(C=O)c1O,1
Cc1ccc(-c2ncc(Cl)cc2-c2ccc(S(C)(=O)=O)cc2)cn1,1
Cc1ccn2nc(S(=O)(=O)Nc3c(F)cccc3F)nc2n1,1
Cc1cc(N2CCN([C@@H]3CN[C@H](C(=O)N4CCSC4)C3)CC2)n(-c2ccccc2)n1,1
Cc1nn(-c2cc(NS(C)(=O)=O)c(Cl)cc2Cl)c(=O)n1C(F)F,1
Cc1nnc(C(C)C)n1C1C[C@H]2CC[C@@H](C1)N2CC[C@H](NC(=O)C1CCC(F)(F)CC1)c1ccccc1,1
Cc1nnc(SCC2=C(C(=O)O)N3C(=O)[C@@H](NC(=O)Cn4cc(Cl)c(=O)c(Cl)c4)[C@H]3SC2)s1,1
Cc1nnc(SCC2=C(C(=O)O)N3C(=O)[C@@H](NC(=O)Cn4cnnn4)[C@H]3SC2)s1,1
Cc1nnc2n1-c1ccc(Cl)cc1C(c1ccccc1)=NC2,1
Cc1nnc2n1-c1ccc(Cl)cc1C(c1ccccc1Cl)=NC2,1
CC1=NNC(=O)N(/N=C/c2cccnc2)C1,1
CC1=NS(=O)(=O)c2cc(Cl)ccc2N1,1
CC12CC3CC(C)(C1)CC(N)(C3)C2,1
CC1NCCOC1c1ccccc1,1
CNC1C(O)C(NC)C2OC3(O)C(=O)CC(C)OC3OC2C1O,1
CC1Cc2ccccc2N1NC(=O)c1ccc(Cl)c(S(N)(=O)=O)c1,1
CC1CCC(C(C)C)C(O)C1,1
CC1CCC(NC(=O)N(CCCl)N=O)CC1,1
CC1CCc2cc(F)cc3c(=O)c(C(=O)O)cn1c23,1
CC1CNc2c(cccc2S(=O)(=O)NC(CCCN=C(N)N)C(=O)N2CCC(C)CC2C(=O)O)C1,1
CC1CN(c2cc3c(cc2F)c(=O)c(C(=O)O)cn3-c2ccc(F)cc2F)CCN1,1
COc1c(N2CCNC(C)C2)c(F)cc2c(=O)c(C(=O)O)cn(C3CC3)c12,1
CC1COc2c(N3CCN(C)CC3)c(F)cc3c(=O)c(C(=O)O)cn1c23,1
COc1cc(C2c3cc4c(cc3C(OC3OC5COC(C)OC5C(O)C3O)C3COC(=O)C23)OCO4)cc(OC)c1O,1
C=C(CC)C(=O)c1ccc(OCC(=O)O)c(Cl)c1Cl,1
CCC(=O)C(CC(C)N(C)C)(c1ccccc1)c1ccccc1,1
CCC(=O)N(c1ccccc1)C1(C(=O)OC)CCN(CCC(=O)OC)CC1,1
CCC(=O)N(c1ccccc1)C1(COC)CCN(CCc2cccs2)CC1,1
CCC(=O)N(c1ccccc1)C1CCN(CCc2ccccc2)CC1,1
CCC(=O)NS(=O)(=O)c1ccc(-c2c(-c3ccccc3)noc2C)cc1,1
CCC(=O)O[C@@H](OP(=O)(CCCCc1ccccc1)CC(=O)N1C[C@H](C2CCCCC2)C[C@H]1C(=O)O)C(C)C,1
CCC(C)(C)C(=O)O[C@H]1C[C@@H](C)C=C2C=C[C@H](C)[C@H](CC[C@@H]3C[C@@H](O)CC(=O)O3)[C@H]21,1
CCC(C)n1ncn(-c2ccc(N3CCN(c4ccc(OC[C@H]5CO[C@](Cn6cncn6)(c6ccc(Cl)cc6Cl)O5)cc4)CC3)cc2)c1=O,1
CCOP(=O)(SC(C)CC)N1CCSC1=O,1
CCC(C(=O)O)c1ccc(N2Cc3ccccc3C2=O)cc1,1
CCC(CC)[C@H](NC(C)=O)[C@@H]1[C@H](O)[C@@H](C(=O)O)C[C@H]1N=C(N)N,1
CCC(CO)NC(=O)[C@@H]1C=C2c3cccc4c3c(cn4C)C[C@H]2N(C)C1,1
CCC[C@H](NC(=O)[C@@H]1[C@H]2CCC[C@H]2CN1C(=O)[C@@H](NC(=O)[C@@H](NC(=O)c1cnccn1)C1CCCCC1)C(C)(C)C)C(=O)C(=O)NC1CC1,1
CCC[C@H](N[C@@H](C)C(=O)N1[C@H](C(=O)O)C[C@@H]2CCCC[C@@H]21)C(=O)O,1
CCC[C@H](N[C@@H](C)C(=O)N1[C@H](C(=O)O)C[C@@H]2CCCC[C@@H]21)C(=O)OCC,1
CCC[C@@H]1C[C@@H](C(=O)N[C@@H]([C@H]2O[C@H](SC)[C@H](O)[C@@H](O)[C@H]2O)[C@@H](C)O)N(C)C1,1
CCC[C@@H]1C[C@@H](C(=O)N[C@@H]([C@H]2O[C@H](SC)[C@H](O)[C@@H](O)[C@H]2O)[C@H](C)Cl)N(C)C1,1
CCC[C@@]1(CCc2ccccc2)CC(O)=C([C@H](CC)c2cccc(NS(=O)(=O)c3ccc(C(F)(F)F)cn3)c2)C(=O)O1,1
CCC[C@@H](O)/C=C/C=C/C=C/C#CC#CCCCO,1
CCC1(c2ccccc2)NC(=O)N(C)C1=O,1
CCC1(c2ccccc2)C(=O)NCNC1=O,1
CCC1(O)C(=O)OCc2c1cc1n(c2=O)Cc2cc3ccccc3nc2-1,1
CCC1(C)CC(=O)NC1=O,1
CCC1(c2ccccc2)CCC(=O)NC1=O,1
CCc1cccc(CC)c1N(COC)C(=O)CCl,1
CCc1oc2ccccc2c1C(=O)c1cc(Br)c(O)c(Br)c1,1
CCc1oc2ccccc2c1C(=O)c1cc(I)c(O)c(I)c1,1
CCC1=C[C@@H]2CN(C1)Cc1c([nH]c3ccccc13)[C@@](C(=O)OC)(c1cc3c(cc1OC)N(C)[C@H]1[C@@](O)(C(=O)OC)[C@H](OC(C)=O)[C@]4(CC)C=CCN5CC[C@]31[C@@H]54)C2,1
CCc1cccc2c3c([nH]c12)C(CC)(CC(=O)O)OCC3,1
CCc1c2c(nc3ccc(OC(=O)N4CCC(N5CCCCC5)CC4)cc13)-c1cc3c(c(=O)n1C2)COC(=O)[C@]3(O)CC,1
CCc1ccc(Nc2c(F)c(F)cc(F)c2F)c(CC(=O)O)c1,1
CCOCN(C(=O)CCl)c1c(C)cccc1CC,1
CCc1cc2c(cc1N1CCC(N3CCOCC3)CC1)C(C)(C)c1[nH]c3cc(C#N)ccc3c1C2=O,1
CCc1nn(CCCN2CCN(c3cccc(Cl)c3)CC2)c(=O)n1CCOc1ccccc1,1
CCC1OC(=O)C(C)C(OC2CC(C)(OC)C(O)C(C)O2)C(C)C(OC2OC(C)CC(N(C)C)C2O)C(C)(O)CC(C)C(=NOCOCCOC)C(C)C(O)C1(C)O,1
CCCC(=O)OCOC(=O)C1=C(C)NC(C)=C(C(=O)OC)C1c1cccc(Cl)c1Cl,1
CCCC(C)(COC(N)=O)COC(N)=O,1
CCCC(CCC)C(=O)O,1
CCCc1cc(=O)[nH]c(=S)[nH]1,1
CCCc1nc(C(C)(C)O)c(C(=O)O)n1Cc1ccc(-c2ccccc2-c2nn[nH]n2)cc1,1
CCCc1nc2c(C)cc(-c3nc4ccccc4n3C)cc2n1Cc1ccc(-c2ccccc2C(=O)O)cc1,1
CCCC1C(=O)N2C(N(C)C)=Nc3ccc(C)cc3N2C1=O,1
CCCCC(=O)N(Cc1ccc(-c2ccccc2-c2nn[nH]n2)cc1)[C@H](C(=O)O)C(C)C,1
CCCCC(C(=O)O)C(=O)N(Nc1ccccc1)c1ccccc1,1
CCCCC(CC)CN1C(=O)C2C3C=CC(C3)C2C1=O,1
CCCCC(CC)CO,1
CCCCC[C@H](O)/C=C/[C@H]1[C@H](O)CC(=O)[C@@H]1CCCCCCC(=O)O,1
CCCCC1(COC(=O)CCC(=O)O)C(=O)N(c2ccccc2)N(c2ccccc2)C1=O,1
CCCCc1oc2ccccc2c1C(=O)c1cc(I)c(OCCN(CC)CC)c(I)c1,1
CCCCc1nc(Cl)c(CO)n1Cc1ccc(-c2ccccc2-c2nn[nH]n2)cc1,1
CCCCc1ncc(/C=C(\Cc2cccs2)C(=O)O)n1Cc1ccc(C(=O)O)cc1,1
CCCCC1=NC2(CCCC2)C(=O)N1Cc1ccc(-c2ccccc2-c2nn[nH]n2)cc1,1
CCCCC1C(=O)N(c2ccccc2)N(c2ccc(O)cc2)C1=O,1
CCCCC1C(=O)N(c2ccccc2)N(c2ccccc2)C1=O,1
CCCCC1C(=O)NN(c2ccccc2)C1=O,1
CCCCCC(O)C(O)CCC[C@H](O)[C@H]1CC[C@@H]([C@@H]2CC[C@@H]([C@@H](O)CCCCCCCCCCCCC3=C[C@H](C)OC3=O)O2)O1,1
CCCCCC(C)OC(=O)COc1ccc(Cl)c2cccnc12,1
CCCCCC(O)CCCC[C@@H](O)[C@@H]1CC[C@@H]([C@@H]2CCC([C@@H](O)CCCCCCCCCCCCC3=CC(C)OC3=O)O2)O1,1
CCCCCC[C@H](O)CCC[C@H](O)[C@H]1CC[C@H]([C@H]2CC[C@H]([C@H](O)CCCCCCCCCCCCC3=C[C@H](C)OC3=O)O2)O1,1
CCCCCCC(O)CCCC(O)C1CCC(C2CCC(C(O)CCCCCCCCCCC3=CC(C)OC3=O)O2)O1,1
CCCCCCCCCc1ccc(O)cc1,1
CCCCCCCCCc1ccccc1O,1
CCCCCCCCCCC[C@@H](C[C@@H]1OC(=O)[C@H]1CCCCCC)OC(=O)[C@H](CC(C)C)NC=O,1
CCCCCCCCCCCC[C@@H](O)[C@H]1CC[C@H]([C@H](O)CCCCCCCCCC[C@@H](O)CC2=C[C@H](C)OC2=O)O1,1
CCCCCCCCCCCC1=C(O)C(=O)C=C(O)C1=O,1
CCCCCCCCCCCCCCC[C@H](O)[C@@H](N)CO,1
CCCCCCCCOC(C)=O,1
CCCCCCCN(CC)CCCC(O)c1ccc(NS(C)(=O)=O)cc1,1
CCCCCN(C)CCC(O)(P(=O)(O)O)P(=O)(O)O,1
CCCCCOC(=O)Nc1nc(=O)n([C@@H]2O[C@H](C)[C@@H](O)[C@H]2O)cc1F,1
CCCCNC(=O)OCC#CI,1
CCCCNc1cc(C(=O)O)cc(S(N)(=O)=O)c1Oc1ccccc1,1
CCCCOC(=O)[C@@H](C)Oc1ccc(Oc2ccc(C#N)cc2F)cc1,1
CCCCOC(=O)C(C)Oc1ccc(Oc2ccc(C(F)(F)F)cn2)cc1,1
CCCCOc1ccc(CC(=O)NO)cc1,1
CCCCOCN(C(=O)CCl)c1c(CC)cccc1CC,1
CCCN(CCC)C(=O)C(CCC(=O)OCCCN1CCN(CCOC(=O)Cc2c(C)n(C(=O)c3ccc(Cl)cc3)c3ccc(OC)cc23)CC1)NC(=O)c1ccccc1,1
CCCN(CCC)CCc1cccc2c1CC(=O)N2,1
CCCN(CCC)S(=O)(=O)c1ccc(C(=O)O)cc1,1
CCCN(CCc1cccs1)[C@H]1CCc2c(O)cccc2C1,1
CCCN1C[C@H](CSC)C[C@@H]2c3cccc4[nH]cc(c34)C[C@H]21,1
CCCNC(=O)NS(=O)(=O)c1ccc(Cl)cc1,1
CCCNC1CCc2nc(N)sc2C1,1
CCCNCC(O)COc1ccccc1C(=O)CCc1ccccc1,1
CCCOC(=O)c1ccc(C(=O)OCCC)nc1,1
CCCS(=O)(=O)Nc1ccc(F)c(C(=O)c2c[nH]c3ncc(-c4ccc(Cl)cc4)cc23)c1F,1
CCCSc1ccc2nc(NC(=O)OC)[nH]c2c1,1
CCCSc1nc(N[C@@H]2C[C@H]2c2ccc(F)c(F)c2)c2nnn([C@@H]3C[C@H](OCCO)[C@@H](O)[C@H]3O)c2n1,1
CCN(C)C(=O)Oc1cccc([C@H](C)N(C)C)c1,1
CCN(C(C)=O)c1cccc(-c2ccnc3c(C#N)cnn23)c1,1
CCN(CC)C(=O)[C@]1(c2ccccc2)C[C@@H]1CN,1
CCN(CC)C(=O)[C@@H]1C=C2c3cccc4[nH]cc(c34)C[C@H]2N(C)C1,1
CCN(CC)C(=O)c1cccc(C)c1,1
CCN(CC)CCCC(C)Nc1ccnc2cc(Cl)ccc12,1
CCN(CC)CCNC(=O)c1c(C)[nH]c(/C=C2\C(=O)Nc3ccc(F)cc32)c1C,1
CCN(CC)CCNC(=O)c1ccc(N)cc1,1
CCN(CC)CCOC(=O)C(Cc1cccc2ccccc12)CC1CCCO1,1
CCN(CC)CCOc1ccc(C(=C(Cl)c2ccccc2)c2ccccc2)cc1,1
CCN[C@@H]1C[C@H](N)[C@@H](O[C@H]2OC(CN)=CC[C@H]2N)[C@H](O)[C@H]1O[C@H]1OC[C@](C)(O)[C@H](NC)[C@H]1O,1
CCN[C@H]1C[C@H](C)S(=O)(=O)c2sc(S(N)(=O)=O)cc21,1
CCn1cc(C(=O)O)c(=O)c2cc(F)c(N3CCNC(C)C3)c(F)c21,1
CCn1cc(C(=O)O)c(=O)c2cc(F)c(N3CCNCC3)cc21,1
CCn1cc(C(=O)O)c(=O)c2cc3c(cc21)OCO3,1
CCn1cc(C(=O)O)c(=O)c2cnc(N3CCCC3)nc21,1
CCn1cc(C(=O)O)c(=O)c2cnc(N3CCNCC3)nc21,1
CCN1CC(CCN2CCOCC2)C(c2ccccc2)(c2ccccc2)C1=O,1
CCN1CCCC1CNC(=O)c1cc(S(=O)(=O)CC)c(N)cc1OC,1
CCNC(C)Cc1cccc(C(F)(F)F)c1,1
CCNc1nc(Cl)nc(NC(C)C)n1,1
CCNc1nc(Cl)nc(NCC)n1,1
CCNc1nc(NC(C)C)nc(SC)n1,1
CCNc1nc(NC(C)C)[nH]c(=O)n1,1
CCO,1
CCOC(=O)[C@H](CCc1ccccc1)N[C@@H](C)C(=O)N1[C@H](C(=O)O)C[C@@H]2CCC[C@@H]21,1
CCOC(=O)[C@H](CCc1ccccc1)N[C@@H](C)C(=O)N1Cc2cc(OC)c(OC)cc2C[C@H]1C(=O)O,1
CCOC(=O)[C@H](CCc1ccccc1)N[C@@H](C)C(=O)N1Cc2ccccc2C[C@H]1C(=O)O,1
CCOC(=O)[C@H](CCc1ccccc1)N[C@@H](C)C(=O)N1CCC[C@H]1C(=O)O,1
CCOC(=O)[C@H](CCc1ccccc1)N[C@H]1CCc2ccccc2N(CC(=O)O)C1=O,1
CCOC(=O)[C@H](CCc1ccccc1)N[C@H]1CCCN2CCC[C@@H](C(=O)O)N2C1=O,1
CCOC(=O)C(C)(C)Oc1ccc(Cl)cc1,1
CCOC(=O)C(C)Oc1ccc(Oc2nc3ccc(Cl)cc3o2)cc1,1
CCOC(=O)C1(c2ccccc2)CCN(C)CC1,1
CCOC(=O)C1=C(COCCN)NC(C)=C(C(=O)OC)[C@@H]1c1ccccc1Cl,1
CCOC(=O)C1=C(C)NC(C)=C(C(=O)OC)C1c1cccc(Cl)c1Cl,1
CCOC(=O)C1=C(C)NC(C)=C(C(=O)OCC)C1c1ccccc1/C=C/C(=O)OC(C)(C)C,1
CCOC(=O)c1c(N)sc2c1CCN(Cc1ccccc1)C2,1
CCOC(=O)C1=NOC(c2ccccc2)(c2ccccc2)C1,1
CCOC(=O)CC(SP(=S)(OC)OC)C(=O)OCC,1
CCOC(=O)COc1cc(-c2nn(C)c(OC(F)F)c2Cl)c(F)cc1Cl,1
CCOC(=O)COc1cc(-n2ncc(C(F)(F)F)c(C)c2=O)c(F)cc1Cl,1
CCOC(=O)n1ccn(C)c1=S,1
CCOC(=O)N1CCC(=C2c3ccc(Cl)cc3CCc3cccnc32)CC1,1
CCOc1cc2ncc(C#N)c(Nc3ccc(OCc4ccccn4)c(Cl)c3)c2cc1NC(=O)/C=C/CN(C)C,1
CCOc1ccc(C(C)(C)COCc2cccc(Oc3ccccc3)c2)cc1,1
CCOc1ccc(NC(C)=O)cc1,1
CCOc1ccc(NC(=O)CC(C)O)cc1,1
CCOc1ccccc1C(N)=O,1
CCOc1ccc2c(c1)C(C)=CC(C)(C)N2,1
CCOc1nc(F)cc2nc(S(=O)(=O)Nc3c(Cl)cccc3C(=O)OC)nn12,1
CCOc1nc(F)cc2nc(S(=O)(=O)Nc3c(Cl)cccc3Cl)nn12,1
CCOc1nc2cccc(C(=O)O)c2n1Cc1ccc(-c2ccccc2-c2nn[nH]n2)cc1,1
CCOC1Oc2ccc(OS(C)(=O)=O)cc2C1(C)C,1
CCOP(=S)(Oc1cnc(C(C)(C)C)nc1)OC(C)C,1
CCS(=O)(=O)c1cccnc1S(=O)(=O)NC(=O)Nc1nc(OC)cc(OC)n1,1
CCS(=O)(=O)c1nc2ccccn2c1S(=O)(=O)NC(=O)Nc1nc(OC)cc(OC)n1,1
CCSC(=O)N1CCCCCC1,1
COc1ccc(-n2nc(CCC(=O)N(C)O)cc2-c2ccc(Cl)cc2)cc1,1
CN(N=O)C(=O)N[C@@H]1[C@@H](O)[C@H](O)[C@@H](CO)O[C@@H]1O,1
CON(C)C(=O)Nc1ccc(Cl)c(Cl)c1,1
CN(C)[C@@H]1C(=O)C(C(N)=O)=C(O)[C@@]2(O)C(=O)C3=C(O)c4c(O)ccc(Cl)c4[C@@H](O)[C@H]3C[C@@H]12,1
CN(C)[C@@H]1C(=O)C(C(N)=O)=C(O)[C@@]2(O)C(=O)C3=C(O)c4c(O)c(NC(=O)CN5CCCC5)cc(F)c4C[C@H]3C[C@@H]12,1
CN(C)c1ccc(O)c2c1C[C@H]1C[C@H]3[C@H](N(C)C)C(=O)C(C(N)=O)=C(O)[C@@]3(O)C(=O)C1=C2O,1
CN(C)C(=O)c1cc2cnc(Nc3ccc(N4CCNCC4)cn3)nc2n1C1CCCC1,1
CN(C)C(=O)Nc1ccc(Cl)c(Cl)c1,1
CN(C)C(=O)Nc1ccc(Cl)cc1,1
CN(C)C(=O)NC1CCC(CCN2CCN(c3cccc(Cl)c3Cl)CC2)CC1,1
CN(C)C/C=C/C(=O)Nc1cc2c(Nc3ccc(F)c(Cl)c3)ncnc2cc1O[C@H]1CCOC1,1
COc1cccc([C@@]2(O)CCCC[C@@H]2CN(C)C)c1,1
CN(C)c1ccc(N=NS(=O)(=O)O)cc1,1
COc1ccc(C[C@H](N)C(=O)N[C@H]2[C@@H](O)[C@H](n3cnc4c(N(C)C)ncnc43)O[C@@H]2CO)cc1,1
COc1ccc(C(CN(C)C)C2(O)CCCCC2)cc1,1
CN(C)CC/C=C1\c2ccccc2CSc2ccccc21,1
CN(C)CC/C=C1/c2ccccc2Sc2ccc(Cl)cc21,1
CN(C)CCC(c1ccc(Cl)cc1)c1ccccn1,1
CN(C)CCC(c1ccccc1)c1ccccn1,1
CN(C)CCC[C@@]1(c2ccc(F)cc2)OCc2cc(C#N)ccc21,1
CN(C)CCC=C1c2ccccc2CCc2ccccc21,1
CN(C)CCC=C1c2ccccc2COc2ccccc21,1
CN(C)CCc1c[nH]c2ccc(C[C@H]3COC(=O)N3)cc12,1
CN(C)CCCC1(c2ccc(F)cc2)OCc2cc(C#N)ccc21,1
CN(C)CCCN1c2ccccc2CCc2ccc(Cl)cc21,1
CN(C)CCCN1c2ccccc2CCc2ccccc21,1
CN(C)CCCN1c2ccccc2Sc2ccc(Cl)cc21,1
CN(C)CCCN1c2ccccc2Sc2ccccc21,1
CN(C)CCCOc1nn(Cc2ccccc2)c2ccccc12,1
CN(C)CCn1nnnc1SCC1=C(C(=O)O)N2C(=O)[C@@H](NC(=O)Cc3csc(N)n3)[C@H]2SC1,1
CN(C)CCOC(c1ccccc1)c1ccccc1,1
CN(CC(O)CO)C(=O)c1c(I)c(NC(=O)C(CO)CO)c(I)c(C(=O)N(C)CC(O)CO)c1I,1
CN(Cc1cnc2nc(N)nc(N)c2n1)c1ccc(C(=O)N[C@@H](CCC(=O)O)C(=O)O)cc1,1
CN[C@@H]1CCc2[nH]c3ccc(C(N)=O)cc3c2C1,1
CN[C@@H]1[C@@H](O[C@H]2O[C@H](CO)[C@@H](N)[C@H](O)[C@H]2O)O[C@H]2C[C@@H](N)[C@@H](O[C@H]3[C@H](O)[C@@H](O)[C@H](N)C[C@@H]3N)O[C@@H]2[C@@H]1O,1
CN[C@H]1C[C@@H](N)[C@H](O)[C@@H](O[C@@H]2O[C@H](CO)[C@H](O)[C@@H]3OC4(O[C@H]23)O[C@H]([C@@H](N)CO)[C@H](O)[C@H](O)[C@H]4O)[C@@H]1O,1
CN[C@H]1CC[C@@H](c2ccc(Cl)c(Cl)c2)c2ccccc21,1
CN1[C@@H]2CC[C@H]1CC(OC(=O)C(CO)c1ccccc1)C2,1
COC(=O)[C@H]1[C@@H](OC(=O)c2ccccc2)C[C@@H]2CC[C@H]1N2C,1
COc1cc2c(cc1OC)[C@@H]1Cc3c(cc(OC)c4c3OCO4)[C@H](C2)N1C,1
CN1C(C(=O)Nc2ccccn2)=C(O)c2sc(Cl)cc2S1(=O)=O,1
CN1C(C(=O)Nc2ccccn2)=C(O)c2sccc2S1(=O)=O,1
CN1C(C(=O)Nc2ccccn2)=C(O)c2ccccc2S1(=O)=O,1
CO[C@@]1(NC(=O)C(C(=O)O)c2ccc(O)cc2)C(=O)N2C(C(=O)O)=C(CSc3nnnn3C)CO[C@@H]21,1
CO[C@@]1(NC(=O)C2SC(=C(C(N)=O)C(=O)O)S2)C(=O)N2C(C(=O)O)=C(CSc3nnnn3C)CS[C@@H]21,1
CO[C@@]1(NC(=O)CSC[C@@H](N)C(=O)O)C(=O)N2C(C(=O)O)=C(CSc3nnnn3C)CS[C@@H]21,1
CO[C@@]1(NC(=O)CSCC#N)C(=O)N2C(C(=O)O)=C(CSc3nnnn3C)CS[C@@H]21,1
Cn1nnnc1SCC1=C(C(=O)O)N2C(=O)[C@@H](NC(=O)[C@H](O)c3ccccc3)[C@H]2SC1,1
Cn1c(Cn2ccc(C(F)(F)F)c(Oc3cc(Cl)cc(C#N)c3)c2=O)n[nH]c1=O,1
Cn1sc(Cl)cc1=O,1
CN1C(=O)CN=C(c2ccccc2)c2cc(Cl)ccc21,1
Cn1nnc2c(C(N)=O)ncn2c1=O,1
CO[C@]12C[C@@H](COC(=O)c3cncc(Br)c3)CN(C)[C@@H]1Cc1cn(C)c3cccc2c13,1
Cn1cc(-c2ccccc2)c(=O)c(-c2cccc(C(F)(F)F)c2)c1,1
Cn1cc[nH]c1=S,1
Cn1c(=O)c2c(ncn2C)n(C)c1=O,1
Cn1cnc2c(F)c(Nc3ccc(Br)cc3F)c(C(=O)NOCCO)cc21,1
Cn1c(=O)c2[nH]cnc2n(C)c1=O,1
CN1C(=O)C(O)N=C(c2ccccc2)c2cc(Cl)ccc21,1
Cn1c(CCCC(=O)O)nc2cc(N(CCCl)CCCl)ccc21,1
CN1c2c(oc(=O)n(-c3ccccn3)c2=O)-c2ccccc2S1(=O)=O,1
COc1ccc2c3c1O[C@H]1C[C@@H](O)C=C[C@@]31CCN(C)C2,1
COc1ccc2c(c1)[C@]13CCCC[C@@H]1[C@H](C2)N(C)CC3,1
CN1CC[C@]23c4c5ccc(O)c4O[C@H]2[C@@H](O)C=C[C@H]3[C@H]1C5,1
CN1CC[C@]23c4c5ccc(O)c4O[C@H]2C(=O)CC[C@H]3[C@H]1C5,1
COc1ccc2c3c1O[C@H]1[C@@H](O)C=C[C@H]4[C@@H](C2)N(C)CC[C@@]341,1
COc1ccc2c3c1O[C@H]1[C@@H](O)CC[C@H]4[C@@H](C2)N(C)CC[C@@]341,1
CN1CC[C@]23c4c5ccc(O)c4O[C@H]2C(=O)CC[C@@]3(O)[C@H]1C5,1
COc1ccc2c3c1O[C@H]1C(=O)CC[C@@]4(O)[C@@H](C2)N(C)CC[C@]314,1
CN1CC2c3ccccc3Oc3ccc(Cl)cc3C2C1,1
COc1cc2c(Nc3ccc(Br)cc3F)ncnc2cc1OCC1CCN(C)CC1,1
CN1CCC[C@@H]1Cc1c[nH]c2ccc(CCS(=O)(=O)c3ccccc3)cc12,1
CN1CCC[C@H]1c1cccnc1,1
CN1CC[C@]23c4ccccc4NC1C21CCN(C)C3Nc2ccccc21,1
CN1CCCC1=O,1
CN1CCN(C(=O)O[C@H]2c3nccnc3C(=O)N2c2ccc(Cl)cn2)CC1,1
CN1CCN(C(c2ccccc2)c2ccccc2)CC1,1
CN1CCN(C2=Nc3cc(Cl)ccc3Nc3ccccc32)CC1,1
CN1CCN(C2=Nc3ccccc3Oc3ccc(Cl)cc32)CC1,1
COc1cc(N2CCC(N3CCN(C)CC3)CC2)ccc1Nc1ncc(Cl)c(Nc2ccccc2P(C)(C)=O)n1,1
COC(=O)c1ccc2c(C(=Nc3ccc(N(C)C(=O)CN4CCN(C)CC4)cc3)c3ccccc3)c(O)[nH]c2c1,1
CN1CCN(CCCN2c3ccccc3Sc3ccc(C(F)(F)F)cc32)CC1,1
COc1cc(Nc2c(C#N)cnc3cc(OCCCN4CCN(C)CC4)c(OC)cc23)c(Cl)cc1Cl,1
CN1CCN2c3ncccc3Cc3ccccc3C2C1,1
CN=C(NC)NCc1ccccc1,1
CNC(=O)c1ccccc1Sc1ccc2c(/C=C/c3ccccn3)n[nH]c2c1,1
CNC(=O)c1cc(Oc2ccc(NC(=O)Nc3ccc(Cl)c(C(F)(F)F)c3)c(F)c2)ccn1,1
CNC(=O)c1cc(Oc2ccc(NC(=O)Nc3ccc(Cl)c(C(F)(F)F)c3)cc2)ccn1,1
CNC(=O)Oc1cccc2ccccc12,1
CNC[C@H](O)c1ccc(O)c(O)c1,1
CNC[C@H](O)c1cccc(O)c1,1
CNC1(c2ccccc2Cl)CCCCC1=O,1
CNc1cnn(-c2cccc(C(F)(F)F)c2)c(=O)c1Cl,1
CNc1ccc(/C=C/c2ccc(OCCOCCOCC[18F])cc2)cc1,1
CNCC[C@H](Oc1cccc2ccccc12)c1cccs1,1
CNCc1ccc(-c2[nH]c3cc(F)cc4c3c2CCNC4=O)cc1,1
CNCCC(Oc1ccc(C(F)(F)F)cc1)c1ccccc1,1
CNCCC=C1c2ccccc2CCc2ccccc21,1
CNCCCC12CCC(c3ccccc31)c1ccccc12,1
CNCCCC1c2ccccc2C=Cc2ccccc21,1
CNS(=O)(=O)Cc1ccc2[nH]cc(CCN(C)C)c2c1,1
CNS(=O)(=O)CCc1ccc2[nH]cc(C3CCN(C)CC3)c2c1,1
CO/N=C(/C1=NOCCO1)c1ccccc1Oc1ncnc(Oc2ccccc2Cl)c1F,1
CO/N=C1/CN(c2nc3c(cc2F)c(=O)c(C(=O)O)cn3C2CC2)CC1CN,1
CO[C@@]1(NC(=O)CSC(F)F)C(=O)N2C(C(=O)O)=C(CSc3nnnn3CCO)CO[C@@H]21,1
CO[C@@]1(NC(=O)Cc2cccs2)C(=O)N2C(C(=O)O)=C(COC(N)=O)CS[C@@H]21,1
COC(=O)[C@H]1[C@H]2C[C@@H]3c4[nH]c5cc(OC)ccc5c4CCN3C[C@H]2C[C@@H](OC(=O)c2cc(OC)c(OC)c(OC)c2)[C@@H]1OC,1
COC(=O)/C=C/C(=O)OC,1
COC(=O)[C@H](c1ccccc1Cl)N1CCc2sccc2C1,1
COC(=O)[C@@H]1[C@H]2C[C@H]3c4[nH]c5ccccc5c4CCN3C[C@@H]2CC[C@@H]1O,1
COC(=O)c1c(Cl)c(Cl)c(C(=O)OC)c(Cl)c1Cl,1
COC(=O)c1ccccc1S(=O)(=O)NC(=O)Nc1nc(OC(F)F)cc(OC(F)F)n1,1
COC(=O)C1=CO[C@@H](O[C@@H]2O[C@H](CO)[C@@H](O)[C@H](O)[C@H]2O)[C@@H]2C(CO)=CC[C@H]12,1
COC(=O)CC1=C(C(=O)O)N[C@@H]([C@@H](C=O)NC(=O)Cc2cccs2)SC1,1
COC(=O)Nc1nc2ccc(C(=O)c3ccccc3)cc2[nH]1,1
COC(F)(F)C(Cl)Cl,1
COc1ccnc(CS(=O)c2nc3ccc(OC(F)F)cc3[nH]2)c1OC,1
COc1cccc(N2CCN(C3=Nc4c(F)cccc4[C@H](CC(=O)O)N3c3cc(C(F)(F)F)ccc3OC)CC2)c1,1
COc1ccc(-c2c(Cl)ncn2-c2ccc(S(N)(=O)=O)cc2)cc1F,1
C=CCc1ccc(OC)c(OC)c1,1
COc1ccc(CNc2nc(N3CCC[C@H]3CO)ncc2C(=O)NCc2ncccn2)cc1Cl,1
COc1cc2c(cc1OC)[C@@]13CCN4CC5=CCO[C@H]6CC(=O)N2[C@H]1[C@H]6[C@H]5C[C@H]43,1
COc1cc2nc(N3CCN(C(=O)C4COc5ccccc5O4)CC3)nc(N)c2cc1OC,1
COc1cc2c(cc1OC)C(=O)C(CC1CCN(Cc3ccccc3)CC1)C2,1
COc1cc2ncnc(Nc3ccc(F)c(Cl)c3)c2cc1OCCCN1CCOCC1,1
COc1cc(NS(C)(=O)=O)ccc1Nc1c2ccccc2nc2ccccc12,1
COC1=C(C(=O)O)N2C(=O)[C@@H](NC(=O)[C@H](N)C3=CCC=CC3)[C@H]2SC1,1
COc1c(N2C[C@@H]3CCCN[C@@H]3C2)c(F)cc2c(=O)c(C(=O)O)cn(C3CC3)c12,1
COc1ccc(C(=O)c2ccccc2)c(O)c1,1
COc1cc(Cl)c(OC)cc1Cl,1
COc1cc([C@@H]2c3cc4c(cc3[C@@H](O[C@@H]3O[C@@H]5CO[C@@H](c6cccs6)O[C@H]5[C@H](O)[C@H]3O)[C@H]3COC(=O)[C@H]23)OCO4)cc(OC)c1O,1
COc1cc([C@@H]2c3cc4c(cc3[C@H](O)[C@H]3COC(=O)[C@H]23)OCO4)cc(OC)c1OC,1
COc1cc(Cc2cnc(N)nc2N)cc(OC)c1OC,1
COc1cc(OC)nc(Sc2cccc(Cl)c2C(=O)O)n1,1
COc1ccc([C@H]2Oc3cc(O)cc(O)c3C(=O)[C@H]2[C@@H]2C(=O)c3c(O)cc(OC)cc3O[C@@H]2c2ccc(OC)cc2)cc1,1
COc1ccccc1O,1
COc1ccccc1OCC(O)CO,1
COc1ccccc1OCCNCC(O)COc1cccc2[nH]c3ccccc3c12,1
C=C[C@H]1CN2CC[C@H]1C[C@@H]2[C@@H](O)c1ccnc2ccc(OC)cc12,1
C=C[C@H]1CN2CC[C@H]1C[C@H]2[C@H](O)c1ccnc2ccc(OC)cc12,1
COc1cc2nccc(Oc3ccc(NC(=O)C4(C(=O)Nc5ccc(F)cc5)CC4)cc3)c2cc1OC,1
COc1cc2nccc(Oc3ccc(NC(=O)NC4CC4)c(Cl)c3)c2cc1C(N)=O,1
COc1cnc(OC)n2nc(NS(=O)(=O)c3c(OCC(F)F)cccc3C(F)(F)F)nc12,1
COc1nc(N)nc2c1ncn2[C@@H]1O[C@H](CO)[C@@H](O)[C@@H]1O,1
COc1ncc(F)c2nc(S(=O)(=O)Nc3c(F)cccc3F)nn12,1
COCC1=C(C(=O)O)N2C(=O)[C@@H](NC(=O)/C(=N/OC)c3csc(N)n3)[C@H]2SC1,1
COCCCC/C(=N\OCCN)c1ccc(C(F)(F)F)cc1,1
C#Cc1cccc(Nc2ncnc3cc(OCCOC)c(OCCOC)cc23)c1,1
COP(=O)(OC)C(O)C(Cl)(Cl)Cl,1
COP(C)(=O)OC,1
CS(=O)(=O)c1ccc(C2=C(c3ccccc3)C(=O)OC2)cc1,1
CS(=O)(=O)NC(=O)CCC/C=C\C[C@H]1C(=O)C[C@@H](O)[C@@H]1/C=C/[C@@H](O)COc1ccccc1,1
CS(=O)(=O)OC[C@H](O)[C@@H](O)COS(C)(=O)=O,1
CS(=O)(=O)OCCCCOS(C)(=O)=O,1
CSC(=O)c1cccc2nnsc12,1
CSCCNc1nc(SCCC(F)(F)F)nc2c1ncn2[C@@H]1O[C@H](COP(=O)(O)OP(=O)(O)C(Cl)(Cl)P(=O)(O)O)[C@@H](O)[C@H]1O,1
O=CC[C@@H](O)C=O,1